가까이	Antonym	멀리
가끔	Antonym	자주
가난	Antonym	부유
가난하다	Antonym	부유하다
가늘다	Antonym	두껍다
검다	Antonym	희다
그녀들	Antonym	그들
길다	Antonym	짧다
까맣다	Antonym	하얗다
깨어나다	Antonym	잠들다
끄다	Antonym	켜다
나쁘다	Antonym	좋다
남	Antonym	여
남극	Antonym	북극
남동생	Antonym	여동생
남성	Antonym	여성
남자	Antonym	여자
남자친구	Antonym	여자친구
남장	Antonym	여장
낮	Antonym	밤
낮다	Antonym	높다
내	Antonym	외
네	Antonym	아뇨
네	Antonym	아니
네	Antonym	아니야
네	Antonym	아니요
높다	Antonym	낮다
누이	Antonym	누나
다음	Antonym	앞
다음	Antonym	처음
닫다	Antonym	열다
대	Antonym	소
대문자	Antonym	소문자
동성	Antonym	이성
동성애자	Antonym	이성애자
두껍다	Antonym	가늘다
두껍다	Antonym	얇다
디지털	Antonym	아날로그
딱딱하다	Antonym	부드럽다
뜨겁다	Antonym	차갑다
뜨겁다	Antonym	차다
로그아웃	Antonym	로그인
로그인	Antonym	로그아웃
말	Antonym	초
맛없다	Antonym	맛있다
맛있다	Antonym	맛없다
모르다	Antonym	알다
무	Antonym	유
무리수	Antonym	유리수
믿다	Antonym	불신하다
밖	Antonym	안
반각	Antonym	전각
반각글자	Antonym	전각글자
반각글자	Antonym	전각문자
반각문자	Antonym	전각글자
반각문자	Antonym	전각문자
밤	Antonym	낮
배고프다	Antonym	배부르다
벗다	Antonym	입다
부드럽다	Antonym	딱딱하다
부인	Antonym	시인
북극	Antonym	남극
분의	Antonym	나누기
불신하다	Antonym	믿다
빠르다	Antonym	느리다
빠르다	Antonym	늦다
살다	Antonym	죽다
삶	Antonym	죽음
성인	Antonym	미성년자
소문자	Antonym	대문자
소수	Antonym	다수
수	Antonym	암
수소	Antonym	암소
수컷	Antonym	암컷
수탉	Antonym	암탉
실수	Antonym	성공
실수	Antonym	허수
싫다	Antonym	좋다
싫어하다	Antonym	좋아하다
싸다	Antonym	비싸다
아날로그	Antonym	디지털
아뇨	Antonym	네
아뇨	Antonym	예
아니	Antonym	네
아니	Antonym	예
아니다	Antonym	이다
아니요	Antonym	네
아니요	Antonym	예
아이스	Antonym	핫
아직	Antonym	벌써
아직	Antonym	이미
안	Antonym	밖
알다	Antonym	모르다
암	Antonym	수
암소	Antonym	수소
암캐	Antonym	수캐
암컷	Antonym	수컷
암탉	Antonym	수탉
양	Antonym	음
양수	Antonym	음수
어른	Antonym	어린이
어린이	Antonym	어른
없다	Antonym	있다
여동생	Antonym	남동생
여성	Antonym	남성
여자	Antonym	남자
여자친구	Antonym	남자친구
여장	Antonym	남장
역지사지	Antonym	아전인수
열	Antonym	행
열다	Antonym	닫다
예	Antonym	아뇨
예	Antonym	아니야
예	Antonym	아니요
오른	Antonym	왼
오른쪽	Antonym	왼쪽
오전	Antonym	오후
오후	Antonym	오전
왼	Antonym	오른
왼쪽	Antonym	오른쪽
용언	Antonym	체언
유리수	Antonym	무리수
음	Antonym	양
음성모음	Antonym	양성모음
음수	Antonym	양수
이다	Antonym	아니다
이미	Antonym	아직
이성	Antonym	동성
이성애자	Antonym	동성애자
입구	Antonym	출구
입다	Antonym	벗다
있다	Antonym	없다
자주	Antonym	가끔
잘되다	Antonym	안되다
재미없다	Antonym	재미있다
재미있다	Antonym	재미없다
재밌다	Antonym	재미없다
적은	Antonym	많은
전각	Antonym	반각
전각글자	Antonym	반각글자
전각글자	Antonym	반각문자
전각문자	Antonym	반각글자
전각문자	Antonym	반각문자
전자	Antonym	후자
접두사	Antonym	접미사
접두사	Antonym	접미어
접두어	Antonym	접미사
접두어	Antonym	접미어
접미사	Antonym	접두사
접미사	Antonym	접두어
접미어	Antonym	접두사
접미어	Antonym	접두어
정맥	Antonym	동맥
정오	Antonym	자정
좋다	Antonym	나쁘다
좋다	Antonym	싫다
좋아하다	Antonym	싫어하다
짝수	Antonym	홀수
짧다	Antonym	길다
참	Antonym	거짓
체언	Antonym	용언
출구	Antonym	입구
켜다	Antonym	끄다
키다	Antonym	끄다
포화_지방산	Antonym	불포화_지방산
하얗다	Antonym	까맣다
한겨울	Antonym	한여름
한여름	Antonym	한겨울
핫	Antonym	아이스
허수	Antonym	실수
홀	Antonym	짝
홀수	Antonym	짝수
후배	Antonym	선배
후자	Antonym	전자
흑	Antonym	백
희다	Antonym	검다
가락지빵	DerivedFrom	가락지
가락지빵	DerivedFrom	빵
가소롭다	DerivedFrom	롭다
가위바위보	DerivedFrom	가위
각각	DerivedFrom	각
각국	DerivedFrom	각
각도	DerivedFrom	각
각양각색	DerivedFrom	각
각자	DerivedFrom	각
각종	DerivedFrom	각
간곡히_부탁하다	DerivedFrom	간곡한_부탁
감미롭다	DerivedFrom	롭다
감사하는	DerivedFrom	감사하다
갑골	DerivedFrom	갑
갑론	DerivedFrom	갑
갑부	DerivedFrom	갑
갑상선	DerivedFrom	갑
갑상어알	DerivedFrom	갑
갑옷	DerivedFrom	갑
갑충	DerivedFrom	갑
갑판	DerivedFrom	갑
강력하다	DerivedFrom	강력
강추	DerivedFrom	추천
개소주	DerivedFrom	개
개저씨	DerivedFrom	개
개저씨	DerivedFrom	아저씨
개한민국	DerivedFrom	개
개한민국	DerivedFrom	대한민국
거미강	DerivedFrom	거미
검은목논병아리	DerivedFrom	논병아리
게장	DerivedFrom	게
게장	DerivedFrom	장
경이롭다	DerivedFrom	롭다
고대_그리스어	DerivedFrom	그리스어
고마워요	DerivedFrom	고마워
고양이고래	DerivedFrom	고래
고양이고래	DerivedFrom	고양이
곳곳	DerivedFrom	곳
곳곳이	DerivedFrom	곳
과학기술	DerivedFrom	과학
과학기술	DerivedFrom	기술
광검	DerivedFrom	검
광검	DerivedFrom	광
괴롭다	DerivedFrom	롭다
국뽕	DerivedFrom	국가
국뽕	DerivedFrom	히로뽕
군소리	DerivedFrom	소리
귀갑	DerivedFrom	갑
귀뿔논병아리	DerivedFrom	논병아리
그거	DerivedFrom	거
그래서	DerivedFrom	그래
글램핑	DerivedFrom	글래머
글램핑	DerivedFrom	캠핑
김밥	DerivedFrom	김
김밥	DerivedFrom	밥
까다롭다	DerivedFrom	롭다
깨뜨리다	DerivedFrom	뜨리다
깨어나다	DerivedFrom	나다
꺼져	DerivedFrom	꺼지다
꼬리표	DerivedFrom	꼬리
꼬리표	DerivedFrom	표
끓다	DerivedFrom	부레
나근나근	DerivedFrom	나근
나오다	DerivedFrom	나다
나타나다	DerivedFrom	나다
날다람쥐	DerivedFrom	다람쥐
날카롭다	DerivedFrom	롭다
낱말	DerivedFrom	말
넘어뜨리다	DerivedFrom	뜨리다
네모	DerivedFrom	모
넷째	DerivedFrom	넷
노랑부리저어새	DerivedFrom	저어새
놀이	DerivedFrom	터
누그러뜨리다	DerivedFrom	뜨리다
누난_증후군	DerivedFrom	누난
눈보라	DerivedFrom	눈
눈보라	DerivedFrom	보라
눈알	DerivedFrom	알
늘어뜨리다	DerivedFrom	뜨리다
다각	DerivedFrom	각
다섯째	DerivedFrom	다섯
다음가다	DerivedFrom	다음
다음날	DerivedFrom	다음
다음달	DerivedFrom	다음
다음부터	DerivedFrom	다음
다음에	DerivedFrom	다음
다음해	DerivedFrom	다음
달걀	DerivedFrom	알
닿소리	DerivedFrom	소리
더듬이다리	DerivedFrom	다리
더듬이다리	DerivedFrom	더듬이
덴마크어	DerivedFrom	덴마크
덴마크어	DerivedFrom	어
독일말	DerivedFrom	독일
독일어	DerivedFrom	독일
독일인	DerivedFrom	독일
둘째	DerivedFrom	둘
득템	DerivedFrom	득
득템	DerivedFrom	아이템
딱지	DerivedFrom	벌레
떡볶이	DerivedFrom	떡
떡볶이	DerivedFrom	볶이
떨어뜨리다	DerivedFrom	뜨리다
똥침	DerivedFrom	똥
똥침	DerivedFrom	침
래	DerivedFrom	라고
래	DerivedFrom	해
만화가	DerivedFrom	가
만화가	DerivedFrom	만화
말씀	DerivedFrom	말
매일	DerivedFrom	매
멍멍개	DerivedFrom	멍멍
멍멍이	DerivedFrom	멍멍
메서드_연기	DerivedFrom	메서드
메서드_연기	DerivedFrom	연기
메소드_연기	DerivedFrom	메소드
메소드_연기	DerivedFrom	연기
메추라기찜	DerivedFrom	메추라기
멧박쥐	DerivedFrom	멧
멧박쥐	DerivedFrom	박쥐
명예롭다	DerivedFrom	롭다
목걸이	DerivedFrom	걸이
목걸이	DerivedFrom	목
목구멍	DerivedFrom	목
목덜미	DerivedFrom	목
목소리	DerivedFrom	목
목소리	DerivedFrom	소리
목청	DerivedFrom	목
무너뜨리다	DerivedFrom	뜨리다
물고기	DerivedFrom	고기
물고기	DerivedFrom	물
물고기알	DerivedFrom	알
물레	DerivedFrom	바퀴
물레바퀴	DerivedFrom	물레
물레방아	DerivedFrom	물레
미륵보살	DerivedFrom	미륵
미륵보살	DerivedFrom	미륵
미륵보살	DerivedFrom	보살
밀알	DerivedFrom	알
바닷가	DerivedFrom	바다
바퀴	DerivedFrom	벌레
바퀴	DerivedFrom	체
박쥐	DerivedFrom	밝다
박쥐	DerivedFrom	쥐
반이상향	DerivedFrom	이상향
밝쥐	DerivedFrom	밝다
밝쥐	DerivedFrom	쥐
밤알	DerivedFrom	알
방문	DerivedFrom	방
방문객	DerivedFrom	방문
방문하다	DerivedFrom	방문
방석집	DerivedFrom	방석
방석집	DerivedFrom	집
밴댕이구이	DerivedFrom	밴댕이
밴댕이젓	DerivedFrom	밴댕이
밴댕이찌개	DerivedFrom	밴댕이
번거롭다	DerivedFrom	롭다
보기	DerivedFrom	보다
보이다	DerivedFrom	보다
부대찌개	DerivedFrom	부대
부대찌개	DerivedFrom	찌개
부러뜨리다	DerivedFrom	뜨리다
부정하다	DerivedFrom	부정
부지런하다	DerivedFrom	부지런
북극곰	DerivedFrom	곰
북극곰	DerivedFrom	북극
불	DerivedFrom	장작
불	DerivedFrom	체
불고기	DerivedFrom	고기
불고기	DerivedFrom	불
불교도	DerivedFrom	불교
불닭	DerivedFrom	닭
불닭	DerivedFrom	불
불알	DerivedFrom	알
비닐봉투	DerivedFrom	봉투
빈	DerivedFrom	터
빨래	DerivedFrom	터
뿔논병아리	DerivedFrom	논병아리
사각	DerivedFrom	각
사과나무	DerivedFrom	사과
사과하다	DerivedFrom	사과
사냥개	DerivedFrom	개
사냥개	DerivedFrom	사냥
사타구니	DerivedFrom	샅
사타구니	DerivedFrom	아귀
사타구니	DerivedFrom	어귀
사회학	DerivedFrom	사회
삼각	DerivedFrom	각
새롭다	DerivedFrom	롭다
새알	DerivedFrom	알
새우젓	DerivedFrom	새우
새우젓	DerivedFrom	젓
샘	DerivedFrom	터
서양자두	DerivedFrom	서양
서양자두	DerivedFrom	자두
석류꽃	DerivedFrom	석류
석류나무	DerivedFrom	석류
석류석	DerivedFrom	석류
석류피	DerivedFrom	석류
설날	DerivedFrom	날
설날	DerivedFrom	설
세모	DerivedFrom	모
셋째	DerivedFrom	셋
소매치기	DerivedFrom	소매
소매치기	DerivedFrom	치다
수레	DerivedFrom	바퀴
수말	DerivedFrom	말
숟가락	DerivedFrom	가락
숟가락	DerivedFrom	술
스웨덴어	DerivedFrom	스웨덴
스웨덴어	DerivedFrom	스웨덴
슬기롭다	DerivedFrom	롭다
슬픔	DerivedFrom	슬프다
신비롭다	DerivedFrom	롭다
신선하다	DerivedFrom	신선
신학	DerivedFrom	신
실현하다	DerivedFrom	실현
싸움	DerivedFrom	터
쌀국수	DerivedFrom	국수
쌀국수	DerivedFrom	쌀
쌀알	DerivedFrom	알
씨알	DerivedFrom	알
아라비아인	DerivedFrom	아라비아
아라비아인	DerivedFrom	인
아침	DerivedFrom	노을
아프리카코끼리	DerivedFrom	코끼리
아홉째	DerivedFrom	아홉
악성_소프트웨어	DerivedFrom	소프트웨어
안방	DerivedFrom	방
알갱이	DerivedFrom	알
알까기	DerivedFrom	알
알껍질	DerivedFrom	알
알맹이	DerivedFrom	알
알몸	DerivedFrom	알
암말	DerivedFrom	말
암모니아수	DerivedFrom	암모니아
앞뒤	DerivedFrom	뒤
앞뒤	DerivedFrom	앞
애	DerivedFrom	벌레
애처롭다	DerivedFrom	롭다
어떡하다	DerivedFrom	어떻게
어원학	DerivedFrom	어원
언어학	DerivedFrom	언어
여덟째	DerivedFrom	여덟
여섯째	DerivedFrom	여섯
여우비	DerivedFrom	비
여우비	DerivedFrom	여우
여우비	DerivedFrom	여우
여우원숭이	DerivedFrom	여우
여우원숭이	DerivedFrom	원숭이
여유롭다	DerivedFrom	롭다
역학	DerivedFrom	역
연습하다	DerivedFrom	연습
열나다	DerivedFrom	열
열정	DerivedFrom	열
옆구리	DerivedFrom	옆
옆길	DerivedFrom	옆
옆모습	DerivedFrom	옆
옆줄	DerivedFrom	옆
옆집	DerivedFrom	옆
예각	DerivedFrom	각
옛말	DerivedFrom	말
옛말	DerivedFrom	옛
옛한글	DerivedFrom	옛
옛한글	DerivedFrom	한글
오리알	DerivedFrom	알
오피스텔	DerivedFrom	오피스
오피스텔	DerivedFrom	호텔
올겨울	DerivedFrom	겨울
올겨울	DerivedFrom	올
외롭다	DerivedFrom	롭다
요한_묵시록	DerivedFrom	묵시록
요한_묵시록	DerivedFrom	요한
원숭이도_나무에서_떨어질_때가_있다	DerivedFrom	원숭이
월요일	DerivedFrom	월
위생저	DerivedFrom	저
유리잔	DerivedFrom	유리
유해한_소프트웨어	DerivedFrom	소프트웨어
의붓어머니	DerivedFrom	어머니
이거	DerivedFrom	거
이롭다	DerivedFrom	롭다
이슬람교	DerivedFrom	이슬람
이젠	DerivedFrom	는
이젠	DerivedFrom	이제
인간만사_새옹지마	DerivedFrom	새옹지마
인도코끼리	DerivedFrom	코끼리
일	DerivedFrom	터
일본어	DerivedFrom	일본
일본원숭이	DerivedFrom	원숭이
일본원숭이	DerivedFrom	일본
일찍이	DerivedFrom	이
일찍이	DerivedFrom	일찍
자유_소프트웨어	DerivedFrom	소프트웨어
자유롭다	DerivedFrom	롭다
자주	DerivedFrom	자지
자주색	DerivedFrom	자지
잔소리	DerivedFrom	소리
잘못	DerivedFrom	잘
잘생기다	DerivedFrom	잘
잘하다	DerivedFrom	잘
잠꼬대	DerivedFrom	잠
잠자다	DerivedFrom	자다
잡소리	DerivedFrom	소리
장	DerivedFrom	터
저거	DerivedFrom	거
저곳	DerivedFrom	곳
저곳	DerivedFrom	저
저녁	DerivedFrom	노을
저쪽	DerivedFrom	저
저쪽	DerivedFrom	쪽
절	DerivedFrom	터
점프하다	DerivedFrom	점프
정리하다	DerivedFrom	정리
조랑말	DerivedFrom	말
조선민주주의인민공화국	DerivedFrom	민주주의
조선민주주의인민공화국	DerivedFrom	조선
조화롭다	DerivedFrom	롭다
죠	DerivedFrom	요
주방	DerivedFrom	방
중국어	DerivedFrom	중국
지옥철	DerivedFrom	지옥
지옥철	DerivedFrom	지하철
지하철역	DerivedFrom	지하철
지혜롭다	DerivedFrom	롭다
집	DerivedFrom	터
짙푸르다	DerivedFrom	짙다
짙푸르다	DerivedFrom	푸르다
철갑	DerivedFrom	갑
철갑상어	DerivedFrom	갑
철갑상어알	DerivedFrom	갑
체	DerivedFrom	바퀴
총알	DerivedFrom	알
추천하다	DerivedFrom	추천
출산되다	DerivedFrom	출산
출산하다	DerivedFrom	출산
출신성분	DerivedFrom	성분
출신성분	DerivedFrom	출신
캠핑족	DerivedFrom	족
캠핑족	DerivedFrom	캠핑
컴맹	DerivedFrom	맹
컴맹	DerivedFrom	컴퓨터
코끼리	DerivedFrom	길이
코끼리	DerivedFrom	코
콩알	DerivedFrom	알
콩자반	DerivedFrom	자반
콩자반	DerivedFrom	콩
크로아티아어	DerivedFrom	어
크로아티아어	DerivedFrom	크로아티아
큰논병아리	DerivedFrom	논병아리
키릴_문자	DerivedFrom	문자
키릴_문자	DerivedFrom	키릴
태어나다	DerivedFrom	나다
터뜨리다	DerivedFrom	뜨리다
토하다	DerivedFrom	토
판소리	DerivedFrom	소리
팔	DerivedFrom	오금
패다	DerivedFrom	장작
팬티_스타킹	DerivedFrom	스타킹
팬티_스타킹	DerivedFrom	팬티
페루_공화국	DerivedFrom	공화국
페루_공화국	DerivedFrom	페루
평화롭다	DerivedFrom	롭다
평화롭다	DerivedFrom	평화
푸에르토리코_자유_연합주	DerivedFrom	자유
푸에르토리코_자유_연합주	DerivedFrom	푸에르토리코
풀	DerivedFrom	부레
프랑스령_기아나	DerivedFrom	프랑스
프랑스빵	DerivedFrom	프랑스
프랑스어	DerivedFrom	프랑스
한	DerivedFrom	오금
한가롭다	DerivedFrom	롭다
한국말	DerivedFrom	한국
한국어	DerivedFrom	한국
한국인	DerivedFrom	한국
할아버지	DerivedFrom	아버지
해롭다	DerivedFrom	롭다
향기롭다	DerivedFrom	롭다
헌법재판소	DerivedFrom	재판소
헛	DerivedFrom	바퀴
헛소리	DerivedFrom	소리
현대_그리스어	DerivedFrom	그리스어
호숫가	DerivedFrom	호수
호화롭다	DerivedFrom	롭다
홀소리	DerivedFrom	소리
흥미롭다	DerivedFrom	롭다
흰곰	DerivedFrom	곰
흰곰	DerivedFrom	흰
흰자위	DerivedFrom	자위
사람	Desires	화장실에_가
가을	DistinctFrom	겨울
가을	DistinctFrom	봄
가을	DistinctFrom	여름
겨울	DistinctFrom	가을
겨울	DistinctFrom	봄
겨울	DistinctFrom	여름
구월	DistinctFrom	사월
구월	DistinctFrom	삼월
구월	DistinctFrom	시월
구월	DistinctFrom	십이월
구월	DistinctFrom	십일월
구월	DistinctFrom	오월
구월	DistinctFrom	유월
구월	DistinctFrom	이월
구월	DistinctFrom	일월
구월	DistinctFrom	칠월
구월	DistinctFrom	팔월
극장	DistinctFrom	영화관
금요일	DistinctFrom	목요일
금요일	DistinctFrom	수요일
금요일	DistinctFrom	월요일
금요일	DistinctFrom	일요일
금요일	DistinctFrom	토요일
금요일	DistinctFrom	화요일
달	DistinctFrom	해
닿소리	DistinctFrom	모음
닿소리	DistinctFrom	홀소리
모음	DistinctFrom	자음
목요일	DistinctFrom	금요일
목요일	DistinctFrom	수요일
목요일	DistinctFrom	월요일
목요일	DistinctFrom	일요일
목요일	DistinctFrom	토요일
목요일	DistinctFrom	화요일
봄	DistinctFrom	가을
봄	DistinctFrom	겨울
봄	DistinctFrom	여름
사월	DistinctFrom	구월
사월	DistinctFrom	삼월
사월	DistinctFrom	시월
사월	DistinctFrom	십이월
사월	DistinctFrom	십일월
사월	DistinctFrom	오월
사월	DistinctFrom	유월
사월	DistinctFrom	이월
사월	DistinctFrom	일월
사월	DistinctFrom	칠월
사월	DistinctFrom	팔월
삼월	DistinctFrom	구월
삼월	DistinctFrom	사월
삼월	DistinctFrom	시월
삼월	DistinctFrom	십이월
삼월	DistinctFrom	십일월
삼월	DistinctFrom	오월
삼월	DistinctFrom	유월
삼월	DistinctFrom	이월
삼월	DistinctFrom	일월
삼월	DistinctFrom	칠월
삼월	DistinctFrom	팔월
수요일	DistinctFrom	금요일
수요일	DistinctFrom	목요일
수요일	DistinctFrom	월요일
수요일	DistinctFrom	일요일
수요일	DistinctFrom	토요일
수요일	DistinctFrom	화요일
시월	DistinctFrom	구월
시월	DistinctFrom	사월
시월	DistinctFrom	삼월
시월	DistinctFrom	십이월
시월	DistinctFrom	십일월
시월	DistinctFrom	오월
시월	DistinctFrom	유월
시월	DistinctFrom	이월
시월	DistinctFrom	일월
시월	DistinctFrom	칠월
시월	DistinctFrom	팔월
십이월	DistinctFrom	구월
십이월	DistinctFrom	사월
십이월	DistinctFrom	삼월
십이월	DistinctFrom	시월
십이월	DistinctFrom	십일월
십이월	DistinctFrom	오월
십이월	DistinctFrom	유월
십이월	DistinctFrom	이월
십이월	DistinctFrom	일월
십이월	DistinctFrom	칠월
십이월	DistinctFrom	팔월
십일월	DistinctFrom	구월
십일월	DistinctFrom	사월
십일월	DistinctFrom	삼월
십일월	DistinctFrom	시월
십일월	DistinctFrom	십이월
십일월	DistinctFrom	오월
십일월	DistinctFrom	유월
십일월	DistinctFrom	이월
십일월	DistinctFrom	일월
십일월	DistinctFrom	칠월
십일월	DistinctFrom	팔월
아니다	DistinctFrom	이다
아니요	DistinctFrom	네
아니요	DistinctFrom	예
아름답다	DistinctFrom	못생기다
앉다	DistinctFrom	서다
앉다	DistinctFrom	일어나다
여름	DistinctFrom	가을
여름	DistinctFrom	겨울
여름	DistinctFrom	봄
오다	DistinctFrom	가다
오월	DistinctFrom	구월
오월	DistinctFrom	사월
오월	DistinctFrom	삼월
오월	DistinctFrom	시월
오월	DistinctFrom	십이월
오월	DistinctFrom	십일월
오월	DistinctFrom	유월
오월	DistinctFrom	이월
오월	DistinctFrom	일월
오월	DistinctFrom	칠월
오월	DistinctFrom	팔월
월	DistinctFrom	태양
월요일	DistinctFrom	금요일
월요일	DistinctFrom	목요일
월요일	DistinctFrom	수요일
월요일	DistinctFrom	일요일
월요일	DistinctFrom	토요일
월요일	DistinctFrom	화요일
유월	DistinctFrom	구월
유월	DistinctFrom	사월
유월	DistinctFrom	삼월
유월	DistinctFrom	시월
유월	DistinctFrom	십이월
유월	DistinctFrom	십일월
유월	DistinctFrom	오월
유월	DistinctFrom	이월
유월	DistinctFrom	일월
유월	DistinctFrom	칠월
유월	DistinctFrom	팔월
이다	DistinctFrom	아니다
이월	DistinctFrom	구월
이월	DistinctFrom	사월
이월	DistinctFrom	삼월
이월	DistinctFrom	시월
이월	DistinctFrom	십이월
이월	DistinctFrom	십일월
이월	DistinctFrom	오월
이월	DistinctFrom	유월
이월	DistinctFrom	일월
이월	DistinctFrom	칠월
이월	DistinctFrom	팔월
일어나다	DistinctFrom	앉다
일어나다	DistinctFrom	자다
일요일	DistinctFrom	금요일
일요일	DistinctFrom	목요일
일요일	DistinctFrom	수요일
일요일	DistinctFrom	월요일
일요일	DistinctFrom	토요일
일요일	DistinctFrom	화요일
일월	DistinctFrom	구월
일월	DistinctFrom	사월
일월	DistinctFrom	삼월
일월	DistinctFrom	시월
일월	DistinctFrom	십이월
일월	DistinctFrom	십일월
일월	DistinctFrom	오월
일월	DistinctFrom	유월
일월	DistinctFrom	이월
일월	DistinctFrom	칠월
일월	DistinctFrom	팔월
자다	DistinctFrom	일어나다
자음	DistinctFrom	모음
칠월	DistinctFrom	구월
칠월	DistinctFrom	사월
칠월	DistinctFrom	삼월
칠월	DistinctFrom	시월
칠월	DistinctFrom	십이월
칠월	DistinctFrom	십일월
칠월	DistinctFrom	오월
칠월	DistinctFrom	유월
칠월	DistinctFrom	이월
칠월	DistinctFrom	일월
칠월	DistinctFrom	팔월
토요일	DistinctFrom	금요일
토요일	DistinctFrom	목요일
토요일	DistinctFrom	수요일
토요일	DistinctFrom	월요일
토요일	DistinctFrom	일요일
토요일	DistinctFrom	화요일
팔월	DistinctFrom	구월
팔월	DistinctFrom	사월
팔월	DistinctFrom	삼월
팔월	DistinctFrom	시월
팔월	DistinctFrom	십이월
팔월	DistinctFrom	십일월
팔월	DistinctFrom	오월
팔월	DistinctFrom	유월
팔월	DistinctFrom	이월
팔월	DistinctFrom	일월
팔월	DistinctFrom	칠월
평화	DistinctFrom	전쟁
한글	DistinctFrom	한자
홀소리	DistinctFrom	닿소리
홀소리	DistinctFrom	자음
화요일	DistinctFrom	금요일
화요일	DistinctFrom	목요일
화요일	DistinctFrom	수요일
화요일	DistinctFrom	월요일
화요일	DistinctFrom	일요일
화요일	DistinctFrom	토요일
코리아	EtymologicallyDerivedFrom	고려
10월	FormOf	시월
10월달	FormOf	시월달
11월	FormOf	십일월
11월달	FormOf	십일월달
12월	FormOf	십이월
12월달	FormOf	십이월달
1등	FormOf	일등
1월	FormOf	일월
1월달	FormOf	일월달
2월	FormOf	이월
2월달	FormOf	이월달
3월	FormOf	삼월
3월달	FormOf	삼월달
4월	FormOf	사월
4월달	FormOf	사월달
5월	FormOf	오월
5월달	FormOf	오월달
6월	FormOf	유월
6월달	FormOf	유월달
7월	FormOf	칠월
7월달	FormOf	칠월달
8월	FormOf	팔월
8월달	FormOf	팔월달
9월	FormOf	구월
9월달	FormOf	구월달
가따까나	FormOf	가타카나
가시다	FormOf	가다
간접목적어	FormOf	간접_목적어
개구장이	FormOf	개구쟁이
거	FormOf	꺼
거부기	FormOf	거북이
거짓말장이	FormOf	거짓말쟁이
게	FormOf	에게
계란_후라이	FormOf	계란_프라이
계시다	FormOf	있다
계시판	FormOf	게시판
구름	FormOf	구르다
구요	FormOf	고요
구월	FormOf	9월
구월달	FormOf	9월달
귀절	FormOf	구절
김치찌게	FormOf	김치찌개
남새	FormOf	남우세
남새	FormOf	냄새
낼	FormOf	내를_a_dialectal_form_of_나를
낼	FormOf	내일
녀자	FormOf	여자
노례	FormOf	노예
누님	FormOf	누나
니	FormOf	네
다	FormOf	이다
다다음달	FormOf	다다음_달
다다음주	FormOf	다다음_주
다음달	FormOf	다음_달
다음주	FormOf	다음_주
달다	FormOf	배다
달다	FormOf	얻다
담박하다	FormOf	담백하다
독일사람	FormOf	독일_사람
돌아가시다	FormOf	돌아가다
돌아가시다	FormOf	죽다
두	FormOf	도
두째	FormOf	둘째
드리다	FormOf	주다
드시다	FormOf	마시다
드시다	FormOf	먹다
량	FormOf	양
량	FormOf	양
령	FormOf	영
로동	FormOf	노동
륙	FormOf	육
리	FormOf	이
림	FormOf	임
머물다	FormOf	머무르다
메소드	FormOf	메서드
메소드_연기	FormOf	메서드_연기
멜번	FormOf	멜버른
몇월	FormOf	몇_월
몇월달	FormOf	몇_월달
문장부호	FormOf	문장_부호
뭐	FormOf	무엇
뭘	FormOf	무엇을
바램	FormOf	바람
바리캉	FormOf	바리깡
배다	FormOf	배우다
보기	FormOf	보다
부럼	FormOf	부스럼
사람들	FormOf	사람
사월	FormOf	4월
사월달	FormOf	4월달
삼월	FormOf	3월
삼월달	FormOf	3월달
새들	FormOf	새
샤쓰	FormOf	셔츠
샤쯔	FormOf	셔츠
서	FormOf	에서
서	FormOf	셋
설레이다	FormOf	설레다
수유탄	FormOf	수류탄
쉬	FormOf	쉿
시	FormOf	씨
시발	FormOf	씨발
시월	FormOf	10월
시월달	FormOf	10월달
시장하시다	FormOf	배고프다_and_시장하다_to_be_hungry
신	FormOf	시다
십이월	FormOf	12월
십이월달	FormOf	12월달
십일월	FormOf	11월
십일월달	FormOf	11월달
썬글라스	FormOf	선글라스
씨	FormOf	시
씨발	FormOf	씨팔
씨팔	FormOf	씨발
아니오	FormOf	아니요
아버지	FormOf	어머니
아이들	FormOf	아이
알데하이드	FormOf	알데히드
알카인	FormOf	알킨
알케인	FormOf	알칸
애기	FormOf	아기
야한	FormOf	야하다
얘기	FormOf	이야기
어떻게	FormOf	어떻다
어름	FormOf	얼음
에스테르	FormOf	에스터
여	FormOf	요
열둘째	FormOf	열두째
예요	FormOf	에요
오라버니	FormOf	오빠
오라버님	FormOf	오라버니
오옴	FormOf	옴
오월	FormOf	5월
오월달	FormOf	5월달
오이	FormOf	외
옳아	FormOf	옳다
요거트	FormOf	요구르트
요구르트	FormOf	요거트
유월	FormOf	6월
유월달	FormOf	6월달
이번달	FormOf	이번_달
이번주	FormOf	이번_주
이쁘다	FormOf	예쁘다
이었습니다	FormOf	이였습니다
이었어요	FormOf	이였어요
이여	FormOf	이요
이였습니다	FormOf	이었습니다
이월	FormOf	2월
이월달	FormOf	2월달
인간_공학	FormOf	인간공학
인종차별	FormOf	인종_차별
일월	FormOf	1월
일월달	FormOf	1월달
있으시다	FormOf	있다
자꾸만	FormOf	자꾸
잡수시다	FormOf	먹다
제곱	FormOf	세제곱
조이다	FormOf	죄다
주무시다	FormOf	자다
지피다	FormOf	잡히다
지피다	FormOf	짚이다
직접목적어	FormOf	직접_목적어
진지	FormOf	밥
집들	FormOf	집
짜장면	FormOf	자장면
짱개	FormOf	짱깨
쭉	FormOf	죽
책들	FormOf	책
초콜렛	FormOf	초콜릿
초콜렛	FormOf	초콜릿
치과_의사	FormOf	치과의사
치는	FormOf	치다
칠월	FormOf	7월
칠월달	FormOf	7월달
카나	FormOf	가나
켜다	FormOf	키다
크라상	FormOf	크루아상
키다	FormOf	켜다
파이팅	FormOf	화이팅
팔월	FormOf	8월
팔월달	FormOf	8월달
펩티드	FormOf	펩타이드
편찮으시다	FormOf	아프다
푸를	FormOf	푸르다
프랑스사람	FormOf	프랑스_사람
피시방	FormOf	pc방
피씨방	FormOf	pc방
할머님	FormOf	할머니
해	FormOf	하다
형님	FormOf	형
후라이팬	FormOf	프라이팬
달다	HasContext	에_을
달다	HasContext	을
당근	HasContext	from_similar_sounding_당연
대다	HasContext	과_을
대다	HasContext	어_대다
대다	HasContext	에
대다	HasContext	에_에게
대다	HasContext	에_에게_ㄴ지를
대다	HasContext	에_에게_고
대다	HasContext	에_에게_을
대다	HasContext	을_으로
않다	HasContext	adjective_지_않다
않다	HasContext	verb_지_않다
않다	HasContext	를_않다
장가	HasContext	mainly_used_with_verbs_such_as_들다_가다_or_보내다
켜다	HasContext	을
켜다	HasContext	을
켜다	HasContext	을
켜다	HasContext	을
켜다	HasContext	을
켜다	HasContext	을
가운뎃손가락	IsA	손가락
가을	IsA	계절
가을	IsA	계절
간접_목적어	IsA	목적어
간접_목적어	IsA	목적어
갈륨	IsA	원소
갈륨	IsA	화학_원소
감	IsA	과일
개기월식	IsA	월식
개기일식	IsA	일식
거미	IsA	거미강
거미	IsA	거미강
거미	IsA	동물
거미강	IsA	동물
게르마늄	IsA	원소
게르마늄	IsA	화학_원소
겨울	IsA	계절
겨울	IsA	계절
고구마	IsA	식물
고릴라	IsA	유인원
고릴라	IsA	원숭이
과일빙수	IsA	빙수
과학	IsA	학문
관악기	IsA	악기
관형사	IsA	품사
교수	IsA	선생
구두	IsA	신발
구월	IsA	달
구월	IsA	월
구월	IsA	달
구월	IsA	월
국기	IsA	기
국기	IsA	깃발
규소	IsA	원소
규소	IsA	화학_원소
금성	IsA	행성
금요일	IsA	요일
금환일식	IsA	일식
기역	IsA	닿소리
기역	IsA	자음
긴팔원숭이	IsA	유인원
까맣다	IsA	검다
까치	IsA	까마귓과
까치	IsA	동물
까치	IsA	새
꿀벌	IsA	곤충
꿀벌	IsA	벌
나라	IsA	세계
나무	IsA	식물
나트륨	IsA	원소
나트륨	IsA	화학_원소
남동생	IsA	동생
남동생	IsA	형제
남동생	IsA	동생
남배우	IsA	배우
남북	IsA	동서남북
남성	IsA	남자
남자	IsA	사람
남쪽	IsA	남북
낱말	IsA	언어
네온	IsA	원소
네온	IsA	화학_원소
녹차	IsA	차
누이	IsA	여동생
느티나무	IsA	나무
니은	IsA	닿소리
니은	IsA	자음
다래나무속	IsA	다래나무과
단봉낙타	IsA	낙타
단봉낙타	IsA	낙타
단어	IsA	언어
닿소리	IsA	소리
대명사	IsA	체언
대명사	IsA	품사
대추차	IsA	차
대한민국	IsA	국가
대한민국	IsA	나라
독일	IsA	국가
독일	IsA	나라
독일말	IsA	말
독일어	IsA	말
독일어	IsA	언어
독일연방공화국	IsA	국가
독일연방공화국	IsA	나라
독일인	IsA	민족
독일인	IsA	인종
동사	IsA	용언
동사	IsA	품사
동서	IsA	동서남북
동쪽	IsA	동서
된소리	IsA	자음
등에	IsA	파리목
등에	IsA	곤충
등에	IsA	파리목
디귿	IsA	닿소리
디귿	IsA	자음
라돈	IsA	원소
라돈	IsA	화학_원소
라듐	IsA	원소
라듐	IsA	화학_원소
란탄	IsA	원소
란탄	IsA	화학_원소
랩	IsA	힙합
랩	IsA	힙합
루비듐	IsA	원소
루비듐	IsA	화학_원소
리을	IsA	닿소리
리을	IsA	자음
리튬	IsA	원소
리튬	IsA	화학_원소
마그네슘	IsA	원소
마그네슘	IsA	화학_원소
마침표	IsA	온점
마카다미아	IsA	견과
마커펜	IsA	펜
만년필	IsA	펜
말	IsA	동물
말	IsA	포유류
명사	IsA	체언
명사	IsA	품사
명사	IsA	사람
명사	IsA	품사
모기	IsA	파리목
모기	IsA	곤충
모기	IsA	파리목
모음	IsA	자모
목성	IsA	행성
목요일	IsA	요일
미음	IsA	닿소리
미음	IsA	자음
바륨	IsA	원소
바륨	IsA	화학_원소
바르샤바	IsA	수도
백도	IsA	복숭아
백린	IsA	인
버스_정류장	IsA	정류장
벌새	IsA	새
벚나무	IsA	나무
베릴륨	IsA	원소
베릴륨	IsA	화학_원소
볼펜	IsA	펜
볼펜	IsA	펜
봄	IsA	계절
봄	IsA	계절
부분일식	IsA	일식
부사	IsA	품사
부전령	IsA	함경
부전령	IsA	함경
북극곰	IsA	곰
북극곰	IsA	동물
북극곰	IsA	포유류
북쪽	IsA	남북
분월식	IsA	월식
붕소	IsA	원소
붕소	IsA	화학_원소
브래지어	IsA	속옷
비읍	IsA	닿소리
비읍	IsA	자음
비행기	IsA	항공기
빌딩	IsA	건물
빌딩	IsA	건물
빨갛다	IsA	붉다
사과	IsA	열매
사과나무	IsA	나무
사과나무	IsA	나무
사과나무	IsA	식물
사람	IsA	유인원
사람	IsA	동물
사람	IsA	짐승
사월	IsA	달
사월	IsA	월
사월	IsA	달
사월	IsA	월
사인펜	IsA	펜
사전	IsA	참고서
사전	IsA	책
산소	IsA	원소
산소	IsA	화학_원소
삼월	IsA	달
삼월	IsA	월
삼월	IsA	달
삼월	IsA	월
새끼손가락	IsA	손가락
생선	IsA	해물
생선	IsA	해산물
서울	IsA	도시
서울	IsA	수도
서쪽	IsA	동서
세슘	IsA	원소
세슘	IsA	화학_원소
수사	IsA	품사
수성	IsA	행성
수소	IsA	소
수요일	IsA	요일
순흥	IsA	영주
숫양	IsA	양
숫염소	IsA	염소
숫자	IsA	문자
스칸듐	IsA	원소
스칸듐	IsA	화학_원소
스트론튬	IsA	원소
스트론튬	IsA	화학_원소
시옷	IsA	닿소리
시옷	IsA	자음
시월	IsA	달
시월	IsA	월
시월	IsA	달
시월	IsA	월
신미	IsA	반성
신미	IsA	반성
실수	IsA	복소수
실수	IsA	복소수
십이월	IsA	달
십이월	IsA	월
십이월	IsA	달
십이월	IsA	월
십일월	IsA	달
십일월	IsA	월
십일월	IsA	달
십일월	IsA	월
싱가포르	IsA	나라
싱가포르	IsA	수도
쌍봉낙타	IsA	낙타
쌍봉낙타	IsA	낙타
아르곤	IsA	원소
아르곤	IsA	화학_원소
아몬드	IsA	견과
아세톤	IsA	케톤
아시아코끼리	IsA	코끼리
아침	IsA	식사
아킬레스건	IsA	힘줄
아프가니스탄	IsA	나라
아프리카코끼리	IsA	코끼리
악어	IsA	파충류
악티늄	IsA	원소
악티늄	IsA	화학_원소
알루미늄	IsA	원소
알루미늄	IsA	화학_원소
알바니아	IsA	나라
암모니아	IsA	기체
암소	IsA	소
암양	IsA	양
암염소	IsA	염소
애	IsA	자모
약손가락	IsA	손가락
양딸	IsA	양자
양성자	IsA	핵자
양아들	IsA	양자
양자	IsA	핵자
얘	IsA	자모
어머니	IsA	어버이
언어학	IsA	학
엄지손가락	IsA	손가락
에	IsA	자모
여동생	IsA	동생
여동생	IsA	동생
여름	IsA	계절
여름	IsA	계절
여배우	IsA	배우
여성	IsA	여자
여성_성기	IsA	성기
여자	IsA	사람
예	IsA	자모
오	IsA	자모
오랑우탄	IsA	유인원
오월	IsA	달
오월	IsA	월
오월	IsA	달
오월	IsA	월
오이	IsA	식물
오이	IsA	열매
오이	IsA	장과
와	IsA	자모
왜	IsA	자모
외	IsA	자모
요	IsA	자모
요일	IsA	달
우	IsA	자모
우유	IsA	젖
월식	IsA	식
월식	IsA	식
월요일	IsA	요일
위	IsA	자모
유아	IsA	아기
유월	IsA	달
유월	IsA	월
유월	IsA	달
유월	IsA	월
유인원	IsA	원숭이
유인원	IsA	원숭이
은행나무	IsA	나무
이월	IsA	달
이월	IsA	월
이월	IsA	달
이월	IsA	월
이응	IsA	닿소리
이응	IsA	자음
이집트	IsA	나라
이트륨	IsA	원소
이트륨	IsA	화학_원소
인간	IsA	동물
인듐	IsA	원소
인듐	IsA	화학_원소
인명	IsA	이름
일본	IsA	나라
일식	IsA	식
일식	IsA	식
일요일	IsA	요일
일월	IsA	달
일월	IsA	월
일월	IsA	달
일월	IsA	월
자음	IsA	자모
자전	IsA	사전
작은따옴표	IsA	따옴표
작은따옴표	IsA	따옴표
잠	IsA	의식
저	IsA	악기
저녁	IsA	식사
적린	IsA	인
점심	IsA	식사
젖먹이	IsA	아기
젖먹이	IsA	아기
조동사	IsA	동사
조사	IsA	품사
종지부	IsA	온점
주택	IsA	건물
중국	IsA	나라
중성자	IsA	핵자
지구	IsA	행성
지명	IsA	이름
지읒	IsA	닿소리
지읒	IsA	자음
직접_목적어	IsA	목적어
직접_목적어	IsA	목적어
질소	IsA	원소
질소	IsA	화학_원소
집	IsA	건물
집게손가락	IsA	손가락
집토끼	IsA	토끼
천왕성	IsA	행성
치읓	IsA	닿소리
치읓	IsA	자음
치즈케이크	IsA	케이크
칠월	IsA	달
칠월	IsA	월
칠월	IsA	달
칠월	IsA	월
침팬지	IsA	유인원
카이로	IsA	수도
칼륨	IsA	원소
칼륨	IsA	화학_원소
칼슘	IsA	원소
칼슘	IsA	화학_원소
캐슈넛	IsA	견과
콧수염	IsA	수염
크립톤	IsA	원소
크립톤	IsA	화학_원소
크세논	IsA	원소
크세논	IsA	화학_원소
큰회색머리아비	IsA	새
키읔	IsA	닿소리
키읔	IsA	자음
타악기	IsA	악기
탄소	IsA	원소
탄소	IsA	화학_원소
탈륨	IsA	원소
탈륨	IsA	화학_원소
태극기	IsA	국기
토성	IsA	행성
토요일	IsA	요일
티읕	IsA	자음
파리	IsA	파리목
파리	IsA	곤충
파리	IsA	파리목
파리목	IsA	곤충
파리목	IsA	곤충
팔월	IsA	달
팔월	IsA	월
팔월	IsA	달
팔월	IsA	월
팥빙수	IsA	빙수
팬티	IsA	속옷
프랑슘	IsA	원소
프랑슘	IsA	화학_원소
플루오르	IsA	원소
플루오르	IsA	화학_원소
피읖	IsA	자음
하나	IsA	숫자
하얗다	IsA	희다
한국	IsA	국가
한국	IsA	나라
한국말	IsA	말
한국말	IsA	언어
한국어	IsA	말
한국어	IsA	언어
한국인	IsA	민족
한국인	IsA	인종
한글	IsA	문자
한글	IsA	말
한글	IsA	문자
한글	IsA	언어
한자	IsA	문자
핫밀크	IsA	우유
핫밀크	IsA	우유
해왕성	IsA	행성
핸드폰	IsA	전화
핸드폰	IsA	전화
허수	IsA	복소수
허수	IsA	복소수
헤모글로빈	IsA	단백질
헬륨	IsA	원소
헬륨	IsA	화학_원소
현악기	IsA	악기
형	IsA	형제
형용사	IsA	용언
형용사	IsA	품사
호두	IsA	견과
호두	IsA	견과
홍차	IsA	차
화성	IsA	행성
화요일	IsA	요일
황도	IsA	복숭아
황도	IsA	복숭아
황소	IsA	수소
황소	IsA	수소
흑린	IsA	인
희극인	IsA	배우
히읗	IsA	자음
남대서양	PartOf	대서양
남조선	PartOf	조선
남조선	PartOf	한국
남태평양	PartOf	태평양
남한	PartOf	조선
남한	PartOf	한국
북대서양	PartOf	대서양
북아일랜드	PartOf	영국
북조선	PartOf	조선
북조선	PartOf	한국
북태평양	PartOf	태평양
북한	PartOf	조선
북한	PartOf	한국
스칸디나비아	PartOf	북유럽
스코틀랜드	PartOf	영국
스코틀랜드	PartOf	영국
실수부	PartOf	복소수
웨일스	PartOf	영국
웨일스	PartOf	영국
은하	PartOf	은하군
은하	PartOf	은하단
잉글랜드	PartOf	영국
잉글랜드	PartOf	영국
허수부	PartOf	복소수
ᄅ래	RelatedTo	해체
ᄇ니다	RelatedTo	다
ᄇ니다	RelatedTo	입니다
ᆫ데	RelatedTo	해체
가	RelatedTo	되다
가	RelatedTo	아니다
가까이	RelatedTo	주변
가능성	RelatedTo	가능
가능성	RelatedTo	가능하다
가능성	RelatedTo	성
가다	RelatedTo	오다
가다	RelatedTo	움직이다
가르치다	RelatedTo	가리키다
가시다	RelatedTo	가다
가요	RelatedTo	가다
가지고	RelatedTo	가지다
간	RelatedTo	간장
감	RelatedTo	가다
갑술	RelatedTo	갑
갑술	RelatedTo	술
갑신	RelatedTo	갑
갑신	RelatedTo	신
갑오	RelatedTo	갑
갑오	RelatedTo	오
갑인	RelatedTo	갑
갑인	RelatedTo	인
갑자	RelatedTo	갑
갑자	RelatedTo	자
갑진	RelatedTo	갑
갑진	RelatedTo	진
값	RelatedTo	가격
값	RelatedTo	가치
강	RelatedTo	개천
강	RelatedTo	하천
같이	RelatedTo	같다
개	RelatedTo	개월
개	RelatedTo	개고기
개	RelatedTo	개년
개	RelatedTo	개똥
개	RelatedTo	개새끼
개	RelatedTo	개자식
개	RelatedTo	강아지
개나리	RelatedTo	개새끼
거	RelatedTo	꺼
거	RelatedTo	는
거	RelatedTo	다
거	RelatedTo	꺼
건	RelatedTo	것
건	RelatedTo	것은
건	RelatedTo	은
검다	RelatedTo	까맣다
것	RelatedTo	는
것	RelatedTo	이다
게	RelatedTo	내
게	RelatedTo	네
게	RelatedTo	에게
게	RelatedTo	제
게	RelatedTo	하게체
견문발검	RelatedTo	침소봉대
결정질	RelatedTo	결정
경상도	RelatedTo	경상남도
경상도	RelatedTo	경상북도
경술	RelatedTo	경
경술	RelatedTo	술
경신	RelatedTo	경
경신	RelatedTo	신
경오	RelatedTo	경
경오	RelatedTo	오
경인	RelatedTo	경
경인	RelatedTo	인
경자	RelatedTo	경
경자	RelatedTo	자
경제학	RelatedTo	경제
경진	RelatedTo	경
경진	RelatedTo	진
계묘	RelatedTo	계
계묘	RelatedTo	묘
계미	RelatedTo	계
계미	RelatedTo	미
계사	RelatedTo	계
계사	RelatedTo	사
계유	RelatedTo	계
계유	RelatedTo	유
계축	RelatedTo	계
계축	RelatedTo	축
계해	RelatedTo	계
계해	RelatedTo	해
고맙다	RelatedTo	고마운
고추	RelatedTo	남근
고추	RelatedTo	음경
고추	RelatedTo	자지
고추	RelatedTo	좆
고추	RelatedTo	칠리
고프다	RelatedTo	배
곤	RelatedTo	고니
골	RelatedTo	고리
골	RelatedTo	고을
곰	RelatedTo	구멍
곰	RelatedTo	구무
곱사	RelatedTo	곱사등
곱사	RelatedTo	곱사등이
공주	RelatedTo	공자
괭이	RelatedTo	고양이
교구	RelatedTo	대교구
국기	RelatedTo	태극기
국토	RelatedTo	영토
귀걸이	RelatedTo	목걸이
규칙	RelatedTo	규칙적
규칙적	RelatedTo	규칙
그동안	RelatedTo	그
그동안	RelatedTo	동안
그래	RelatedTo	그래도
그루	RelatedTo	그루터기
금성	RelatedTo	금요일
기관	RelatedTo	엔진
기독교	RelatedTo	천주교
기묘	RelatedTo	기
기묘	RelatedTo	묘
기미	RelatedTo	기
기미	RelatedTo	미
기사	RelatedTo	기
기사	RelatedTo	사
기유	RelatedTo	기
기유	RelatedTo	유
기축	RelatedTo	기
기축	RelatedTo	축
기해	RelatedTo	기
기해	RelatedTo	해
까지	RelatedTo	부터
까지	RelatedTo	에서
깨인절미	RelatedTo	인절미
꺽저기	RelatedTo	꺽정이
꺽저기	RelatedTo	꺽지
꺽저기	RelatedTo	쏘가리
꺽저기	RelatedTo	아귀
꺽정이	RelatedTo	꺽저기
꺽정이	RelatedTo	꺽지
꺽정이	RelatedTo	쏘가리
꺽정이	RelatedTo	아귀
꺽지	RelatedTo	꺽저기
꺽지	RelatedTo	꺽정이
꺽지	RelatedTo	쏘가리
꺽지	RelatedTo	아귀
께서	RelatedTo	가
께서	RelatedTo	께
께서	RelatedTo	이
꿈	RelatedTo	꾸다
끊다	RelatedTo	목숨
끓다	RelatedTo	달다
끓다	RelatedTo	삶다
끓이다	RelatedTo	달다
끓이다	RelatedTo	삶다
나	RelatedTo	하게체
나	RelatedTo	아국
나	RelatedTo	아군
나	RelatedTo	아방
나	RelatedTo	오인
나다	RelatedTo	낳다
나루	RelatedTo	나룻배
나무아미타불	RelatedTo	아미타
낛	RelatedTo	갈고리
낛	RelatedTo	낚시
날씨	RelatedTo	기후
날씨	RelatedTo	일기
남	RelatedTo	남북
남조선	RelatedTo	북조선
남한	RelatedTo	북한
냐	RelatedTo	해라체
넌	RelatedTo	너
넌	RelatedTo	는
네	RelatedTo	하게체
네	RelatedTo	해라체
네	RelatedTo	해체
네모	RelatedTo	네
네모	RelatedTo	모
네모	RelatedTo	세모
네모꼴	RelatedTo	꼴
네모꼴	RelatedTo	네
네모꼴	RelatedTo	모
네모꼴	RelatedTo	세모꼴
년	RelatedTo	연
놔	RelatedTo	놓다
누르다	RelatedTo	노랗다
누리	RelatedTo	누리다
누리	RelatedTo	누리다
느냐	RelatedTo	해라체
는	RelatedTo	가
는	RelatedTo	를
는다	RelatedTo	해라체
는데	RelatedTo	해체
는지	RelatedTo	ᄂ지
니	RelatedTo	해라체
니	RelatedTo	너
니	RelatedTo	의
니들	RelatedTo	너희
닢	RelatedTo	잎
다	RelatedTo	다가
다	RelatedTo	해라체
다양성	RelatedTo	다양하다
다양성	RelatedTo	성
다음	RelatedTo	다하다
다음	RelatedTo	다홈
닭쌈	RelatedTo	닭싸움
대	RelatedTo	다고
대	RelatedTo	다매
대	RelatedTo	다면서
대	RelatedTo	래
대	RelatedTo	재
대교구	RelatedTo	교구
대다	RelatedTo	달다
대두어	RelatedTo	대구
대황어	RelatedTo	대구
도	RelatedTo	가
도	RelatedTo	를
도	RelatedTo	을
도	RelatedTo	이
도움	RelatedTo	양보
독일사람	RelatedTo	독일_사람
돌다	RelatedTo	도르다
돌다	RelatedTo	비틀다
돌다	RelatedTo	틀다
돌다	RelatedTo	틀리다
돌아가시다	RelatedTo	돌아가다
동	RelatedTo	동서
동	RelatedTo	구
동	RelatedTo	시
동안	RelatedTo	는
되다	RelatedTo	가
되다	RelatedTo	게
되다	RelatedTo	로
되다	RelatedTo	안
되다	RelatedTo	않다
되다	RelatedTo	이
된장찌개	RelatedTo	된장
된장찌게	RelatedTo	된장찌개
둔	RelatedTo	두덩
둔	RelatedTo	두둑
둔	RelatedTo	두렁
들고양이고래	RelatedTo	범고래
등	RelatedTo	등줄기
등	RelatedTo	등등
등	RelatedTo	등불
등나무	RelatedTo	등나무_꽃
떡국	RelatedTo	떡
라	RelatedTo	아니다
라	RelatedTo	이다
라	RelatedTo	해라체
라니	RelatedTo	라니까
라니	RelatedTo	라며
라니	RelatedTo	아니다
라니	RelatedTo	이다
라며	RelatedTo	아니다
라며	RelatedTo	이다
라볶이	RelatedTo	떡볶이
라서	RelatedTo	아니다
라서	RelatedTo	이다
락트산	RelatedTo	젖산
를	RelatedTo	는
리원	RelatedTo	군
리원	RelatedTo	만
리원	RelatedTo	읍
마	RelatedTo	말다
마니	RelatedTo	심
마라	RelatedTo	말다
마요	RelatedTo	말다
만	RelatedTo	가
만	RelatedTo	를
만	RelatedTo	을
만	RelatedTo	이
많이	RelatedTo	많다
말	RelatedTo	언어
말	RelatedTo	개미
말	RelatedTo	되
말	RelatedTo	벌
말	RelatedTo	잠자리
말다	RelatedTo	않다
말다	RelatedTo	지
말아	RelatedTo	말다
말아라	RelatedTo	말다
말아요	RelatedTo	말다
머리	RelatedTo	머리카락
먹다	RelatedTo	마시다
먹다	RelatedTo	먹이다
먹다	RelatedTo	식사하다
먹다	RelatedTo	젖먹이
멋있다	RelatedTo	멋지다
몇	RelatedTo	며칠
모르는_것이_약이다	RelatedTo	하는_것
목걸이	RelatedTo	귀걸이
목성	RelatedTo	목요일
목적어	RelatedTo	목적
못하다	RelatedTo	를
못하다	RelatedTo	지
무궁화	RelatedTo	새마을
무궁화	RelatedTo	통근
무수	RelatedTo	단
무술	RelatedTo	무
무술	RelatedTo	술
무슨	RelatedTo	무엇
무신	RelatedTo	무
무신	RelatedTo	신
무엇	RelatedTo	을
무오	RelatedTo	무
무오	RelatedTo	오
무인	RelatedTo	무
무인	RelatedTo	인
무자	RelatedTo	무
무자	RelatedTo	자
무진	RelatedTo	무
무진	RelatedTo	진
문자	RelatedTo	문장
문자	RelatedTo	활자
물레	RelatedTo	물방아
민주주의	RelatedTo	민주
바알	RelatedTo	베엘제불
박	RelatedTo	밝다
반성	RelatedTo	렬도
발매되다	RelatedTo	발매하다
발매하다	RelatedTo	발매되다
베일	RelatedTo	베이다
별실	RelatedTo	작은집
볏	RelatedTo	볕
병술	RelatedTo	병
병술	RelatedTo	술
병신	RelatedTo	병
병신	RelatedTo	신
병오	RelatedTo	병
병오	RelatedTo	오
병인	RelatedTo	병
병인	RelatedTo	인
병자	RelatedTo	병
병자	RelatedTo	자
병진	RelatedTo	병
병진	RelatedTo	진
볼	RelatedTo	보다
볼거리	RelatedTo	유행성_이하선염
봇	RelatedTo	로봇
부전령	RelatedTo	산맥
부탁해요	RelatedTo	부탁하다
부터	RelatedTo	까지
부터	RelatedTo	에서
북한	RelatedTo	남한
분식점	RelatedTo	분식류
불입호혈_부득호자	RelatedTo	자구다복
붉다	RelatedTo	빨갛다
빠르다	RelatedTo	빨리
빨다	RelatedTo	불
빨리	RelatedTo	빠르다
사과	RelatedTo	사과하다
사도행전	RelatedTo	사도
사랑해	RelatedTo	사랑하다
사용	RelatedTo	사용자
사용	RelatedTo	사용하다
산소	RelatedTo	뫼
산소	RelatedTo	묘
산소	RelatedTo	묘지
산소	RelatedTo	무덤
산양	RelatedTo	염소
삶다	RelatedTo	끓다
삶다	RelatedTo	끓이다
삶다	RelatedTo	달다
삼색의태극	RelatedTo	태극
삼태극	RelatedTo	태극
상상하다	RelatedTo	상상
상상하다	RelatedTo	상상력
새	RelatedTo	사이
새	RelatedTo	억새
새옹지마	RelatedTo	자구다복
서	RelatedTo	거기
서	RelatedTo	어디
서	RelatedTo	에서
서	RelatedTo	여기
서	RelatedTo	저기
서로	RelatedTo	가치
서로	RelatedTo	의
서클	RelatedTo	다크서클
설명	RelatedTo	설명하다
설탕	RelatedTo	사탕
성부	RelatedTo	성신
성부	RelatedTo	성자
성신	RelatedTo	성부
성신	RelatedTo	성자
성자	RelatedTo	성부
성자	RelatedTo	성신
성하	RelatedTo	교황
세면대	RelatedTo	세면
세면대	RelatedTo	세면기
세모	RelatedTo	네모
세모꼴	RelatedTo	꼴
세모꼴	RelatedTo	네모꼴
세모꼴	RelatedTo	모
세모꼴	RelatedTo	세
세요	RelatedTo	해요체
세월부대인	RelatedTo	세월여류
세월은_사람을_기다려_주지_않는다	RelatedTo	세월여류
세제곱	RelatedTo	제곱
소리	RelatedTo	목소리
소리	RelatedTo	음
소치	RelatedTo	쏘치
송도	RelatedTo	갑
쇠	RelatedTo	고기
쇠	RelatedTo	소
쇠	RelatedTo	쇠고기
쇠	RelatedTo	쇠백로
수	RelatedTo	는
수	RelatedTo	밖에
수	RelatedTo	없다
수	RelatedTo	있다
수성	RelatedTo	수요일
수저	RelatedTo	숟가락
수저	RelatedTo	젓가락
수학	RelatedTo	수학자
순흥	RelatedTo	면
순흥	RelatedTo	부
술	RelatedTo	숟가락
술	RelatedTo	스푼
스물	RelatedTo	스무째
스튜	RelatedTo	찌개
스푼	RelatedTo	숟가락
스푼	RelatedTo	술
슬리핑_백	RelatedTo	침낭
시키다	RelatedTo	하다
식	RelatedTo	월식
식	RelatedTo	일식
식당	RelatedTo	레스토랑
식당	RelatedTo	음식점
식혜	RelatedTo	감주
신묘	RelatedTo	묘
신묘	RelatedTo	신
신미	RelatedTo	도
신미	RelatedTo	미
신미	RelatedTo	신
신사	RelatedTo	사
신사	RelatedTo	신
신유	RelatedTo	신
신유	RelatedTo	유
신장	RelatedTo	콩팥
신축	RelatedTo	신
신축	RelatedTo	축
신해	RelatedTo	신
신해	RelatedTo	해
심	RelatedTo	인삼
십자가	RelatedTo	십자고상
십자고상	RelatedTo	십자가
아	RelatedTo	해체
아	RelatedTo	자모
아니다	RelatedTo	가
아니다	RelatedTo	이
아니오	RelatedTo	아니다
아라	RelatedTo	해라체
아리새	RelatedTo	아시새
아리쇠	RelatedTo	다리
아시새	RelatedTo	봉
아요	RelatedTo	해요체
아줌마	RelatedTo	누나
아줌마	RelatedTo	아저씨
아줌마	RelatedTo	언니
아줌마	RelatedTo	할머니
안녕하다	RelatedTo	안녕
안녕하다	RelatedTo	안녕히
안돼요	RelatedTo	아니요
않다	RelatedTo	지
않다	RelatedTo	말다
않다	RelatedTo	못하다
않다	RelatedTo	안
않다	RelatedTo	지
알	RelatedTo	까다
알	RelatedTo	낳다
알	RelatedTo	노른자위
알	RelatedTo	딸
알	RelatedTo	배다
알	RelatedTo	병아리
알	RelatedTo	씨앗
알	RelatedTo	아들
알	RelatedTo	얼
알	RelatedTo	얼굴
알	RelatedTo	캐비아
알	RelatedTo	캐비어
알	RelatedTo	품다
알	RelatedTo	흰자위
알콜	RelatedTo	알코올
애	RelatedTo	아이
애	RelatedTo	이응
애기박쥐	RelatedTo	북방애기박쥐
애기박쥐	RelatedTo	안주애기박쥐
야	RelatedTo	해체
야	RelatedTo	다
야	RelatedTo	자모
약간	RelatedTo	의
얘	RelatedTo	이응
어	RelatedTo	붕어
어	RelatedTo	상어
어	RelatedTo	숭어
어	RelatedTo	잉어
어	RelatedTo	해체
어	RelatedTo	자모
어떻게	RelatedTo	시
어라	RelatedTo	해라체
어요	RelatedTo	해요체
어원학	RelatedTo	어원학자
어원학자	RelatedTo	어원학
어저께	RelatedTo	어제
어쩌다	RelatedTo	어떻다
언어학	RelatedTo	언어학자
언어학자	RelatedTo	언어학
없다	RelatedTo	가
없다	RelatedTo	께
없다	RelatedTo	는
없다	RelatedTo	에게
없다	RelatedTo	은
없다	RelatedTo	이
없다	RelatedTo	한테
에	RelatedTo	이응
에서	RelatedTo	까지
에서	RelatedTo	없다
에서	RelatedTo	에
에서	RelatedTo	있다
에요	RelatedTo	다
엔	RelatedTo	에
엔	RelatedTo	원
엔	RelatedTo	위안
여	RelatedTo	요
여	RelatedTo	자모
여	RelatedTo	여성
여	RelatedTo	여자
여고생	RelatedTo	여대생
여고생	RelatedTo	여중생
여대생	RelatedTo	여고생
여대생	RelatedTo	여중생
여중생	RelatedTo	여고생
여중생	RelatedTo	여대생
역지사지	RelatedTo	역지즉개연
연	RelatedTo	년
연	RelatedTo	년
열	RelatedTo	온기
열	RelatedTo	줄
였다	RelatedTo	다
였습니다	RelatedTo	다
였어	RelatedTo	다
였어요	RelatedTo	다
영양탕	RelatedTo	보신탕
옆	RelatedTo	가
옆	RelatedTo	가깝다
옆	RelatedTo	가장자리
옆	RelatedTo	겉
옆	RelatedTo	결
옆	RelatedTo	곁
예	RelatedTo	이응
예	RelatedTo	예전
예요	RelatedTo	다
오	RelatedTo	이응
오금	RelatedTo	각
오금	RelatedTo	곡
오금	RelatedTo	골목
오금	RelatedTo	괵
오금	RelatedTo	구석
오금	RelatedTo	굴
오금	RelatedTo	굽
오금	RelatedTo	굿
오금	RelatedTo	궁
오금	RelatedTo	귀
오금	RelatedTo	귀퉁이
오금	RelatedTo	모
오금	RelatedTo	모서리
오금	RelatedTo	모퉁이
오금	RelatedTo	목
오금	RelatedTo	무릎
오금	RelatedTo	오그리다
오금	RelatedTo	옥
오금	RelatedTo	옥다
오금	RelatedTo	팔꿈치
옥내	RelatedTo	에서
온	RelatedTo	오다
옴	RelatedTo	옴쌀
옴	RelatedTo	인절미
옴쌀	RelatedTo	인절미
와	RelatedTo	이응
왜	RelatedTo	이응
외	RelatedTo	이응
요	RelatedTo	해요체
요	RelatedTo	해체
요	RelatedTo	이응
요한_묵시록	RelatedTo	묵시
용대	RelatedTo	갑
우	RelatedTo	이응
웅	RelatedTo	우
워	RelatedTo	이응
원	RelatedTo	엔
원	RelatedTo	위안
웨	RelatedTo	이응
위	RelatedTo	이응
유	RelatedTo	이응
유로	RelatedTo	유럽
유진	RelatedTo	단
은	RelatedTo	을
은	RelatedTo	이
을	RelatedTo	은
을묘	RelatedTo	묘
을묘	RelatedTo	을
을미	RelatedTo	미
을미	RelatedTo	을
을사	RelatedTo	사
을사	RelatedTo	을
을유	RelatedTo	유
을유	RelatedTo	을
을축	RelatedTo	을
을축	RelatedTo	축
을해	RelatedTo	을
을해	RelatedTo	해
음성모음	RelatedTo	음양
의	RelatedTo	이응
의하다	RelatedTo	면
의하다	RelatedTo	에
이	RelatedTo	게
이	RelatedTo	그게
이	RelatedTo	내
이	RelatedTo	네
이	RelatedTo	되다
이	RelatedTo	아니다
이	RelatedTo	이게
이	RelatedTo	저게
이	RelatedTo	제
이	RelatedTo	하게체
이라	RelatedTo	고
이리	RelatedTo	거기
이리	RelatedTo	그곳
이리	RelatedTo	어디
이리	RelatedTo	여기
이리	RelatedTo	이곳
이리	RelatedTo	저곳
이리	RelatedTo	저기
이며	RelatedTo	며
이번	RelatedTo	다음번
이번	RelatedTo	저번
이번	RelatedTo	지난번
이야	RelatedTo	이다
이었다	RelatedTo	이다
이었습니다	RelatedTo	이다
이었어	RelatedTo	이다
이었어요	RelatedTo	이다
이에요	RelatedTo	이다
이였다	RelatedTo	이다
이였습니다	RelatedTo	이다
이였어	RelatedTo	이다
이였어요	RelatedTo	이다
이요	RelatedTo	해요체
이원	RelatedTo	군
이원	RelatedTo	만
이원	RelatedTo	읍
이제	RelatedTo	지금
인	RelatedTo	당
인	RelatedTo	분
인	RelatedTo	이다
일	RelatedTo	없다
일	RelatedTo	있다
일어나라	RelatedTo	일어나다
일어나라	RelatedTo	해라체
임	RelatedTo	이다
임술	RelatedTo	술
임술	RelatedTo	임
임신	RelatedTo	신
임신	RelatedTo	임
임오	RelatedTo	오
임오	RelatedTo	임
임인	RelatedTo	인
임인	RelatedTo	임
임자	RelatedTo	임
임자	RelatedTo	자
임진	RelatedTo	임
임진	RelatedTo	진
입니다	RelatedTo	이다
입양	RelatedTo	입양하다
있다	RelatedTo	가
있다	RelatedTo	고
있다	RelatedTo	께
있다	RelatedTo	는
있다	RelatedTo	에게
있다	RelatedTo	은
있다	RelatedTo	이
있다	RelatedTo	한테
자구다복	RelatedTo	복
자구다복	RelatedTo	새옹지마
자구다복	RelatedTo	호혈호자
자식	RelatedTo	새끼
자식	RelatedTo	자녀
자신	RelatedTo	자기
작은	RelatedTo	작다
잔점박이물범	RelatedTo	점박이물범
잘_자	RelatedTo	잘_자요
잡수시다	RelatedTo	드시다
재	RelatedTo	고개
저	RelatedTo	그
저	RelatedTo	나
저	RelatedTo	우리
저	RelatedTo	이
저	RelatedTo	저희
적	RelatedTo	없다
적	RelatedTo	에
적	RelatedTo	있다
전라도	RelatedTo	전라남도
전라도	RelatedTo	전라북도
전하	RelatedTo	폐하
점프하다	RelatedTo	점프
정묘	RelatedTo	묘
정묘	RelatedTo	정
정미	RelatedTo	미
정미	RelatedTo	정
정사	RelatedTo	사
정사	RelatedTo	정
정유	RelatedTo	유
정유	RelatedTo	정
정축	RelatedTo	정
정축	RelatedTo	축
정해	RelatedTo	정
정해	RelatedTo	해
제곱미터	RelatedTo	제곱킬로미터
제곱킬로미터	RelatedTo	제곱미터
제국	RelatedTo	제국주의
제금	RelatedTo	굽
존	RelatedTo	구역
좆	RelatedTo	고추
좆	RelatedTo	남근
좆	RelatedTo	음경
좆	RelatedTo	자지
준	RelatedTo	주는
줄	RelatedTo	알다
줄기	RelatedTo	그루
줄기	RelatedTo	그루터기
줄기	RelatedTo	기둥
줄기	RelatedTo	줄
줄기	RelatedTo	줄곧
지	RelatedTo	ᄂ지
진	RelatedTo	진토닉
창세기	RelatedTo	창세
찾다	RelatedTo	못
찾다	RelatedTo	보다
찾다	RelatedTo	쉽다
찾다	RelatedTo	열심히
처음	RelatedTo	에
춥다	RelatedTo	차다
치	RelatedTo	지
치	RelatedTo	하다
친일파	RelatedTo	지일파
코헬렛	RelatedTo	코헬
콧수염	RelatedTo	수염
콩팥	RelatedTo	신장
킬로그램	RelatedTo	그램
킬로그램	RelatedTo	밀리그램
탄소	RelatedTo	이산화탄소
탄소	RelatedTo	일산화탄소
탄소	RelatedTo	탄수화물
토성	RelatedTo	토요일
팀	RelatedTo	팀워크
팀워크	RelatedTo	팀
편찮으시다	RelatedTo	편찮다
평해	RelatedTo	읍
폐하	RelatedTo	전하
포탈	RelatedTo	포털
푸르다	RelatedTo	파랗다
하다	RelatedTo	고
하다	RelatedTo	기
하다	RelatedTo	니
하다	RelatedTo	로
하다	RelatedTo	를
하다	RelatedTo	쯤
하시다	RelatedTo	하다
한	RelatedTo	하나
한	RelatedTo	는
한	RelatedTo	하다
한국	RelatedTo	남한
한국	RelatedTo	북한
한국	RelatedTo	한
한국	RelatedTo	한반도
한문	RelatedTo	한자
한반도	RelatedTo	한국
한식	RelatedTo	음식
한식	RelatedTo	한국
한자	RelatedTo	한문
할머니	RelatedTo	아줌마
할머니	RelatedTo	언니
할머니	RelatedTo	오빠
할머니	RelatedTo	조모
할머니	RelatedTo	할아버지
함경	RelatedTo	도
함경	RelatedTo	산맥
함경	RelatedTo	함경북
해	RelatedTo	하다
햄버거	RelatedTo	함부르크
혈액형	RelatedTo	ab형
혈액형	RelatedTo	a형
혈액형	RelatedTo	b형
혈액형	RelatedTo	o형
홀	RelatedTo	굴
홀	RelatedTo	블랙홀
홀	RelatedTo	홀인원
홈	RelatedTo	거흠
홈	RelatedTo	구무
화성	RelatedTo	화요일
황새	RelatedTo	황소
황소	RelatedTo	황새
황해	RelatedTo	황하
희다	RelatedTo	하얗다
힘줄	RelatedTo	힘주다
고구려	SimilarTo	백제
고구려	SimilarTo	신라
귀하	SimilarTo	당신
근처	SimilarTo	가까이
내	SimilarTo	강
늑대	SimilarTo	이리
대기압	SimilarTo	기압
마시다	SimilarTo	먹다
물건	SimilarTo	거
물건	SimilarTo	것
미래	SimilarTo	장래
백제	SimilarTo	고구려
백제	SimilarTo	신라
보라색	SimilarTo	자주색
부엌	SimilarTo	주방
부호	SimilarTo	상징
살	SimilarTo	세
석기_시대	SimilarTo	철기_시대
석기_시대	SimilarTo	청동기_시대
신라	SimilarTo	고구려
신라	SimilarTo	백제
어린이	SimilarTo	아이
어린이	SimilarTo	어린아이
어린이	SimilarTo	어린애
에서	SimilarTo	부터
오늘날	SimilarTo	현대
오류	SimilarTo	잘못
이리	SimilarTo	늑대
조선민족	SimilarTo	우리나라_사람
조선민족	SimilarTo	조선_사람
조선민족	SimilarTo	조선인
죄	SimilarTo	범죄
철기_시대	SimilarTo	석기_시대
철기_시대	SimilarTo	청동기_시대
청동기_시대	SimilarTo	석기_시대
청동기_시대	SimilarTo	철기_시대
트래킹	SimilarTo	글자사이
트래킹	SimilarTo	자간
하얀색	SimilarTo	흰색
하양	SimilarTo	흰색
한민족	SimilarTo	우리나라_사람
한민족	SimilarTo	한국_사람
한민족	SimilarTo	한국인
한족	SimilarTo	우리나라_사람
한족	SimilarTo	한국_사람
한족	SimilarTo	한국인
10월	Synonym	10월달
10월달	Synonym	10월
11월	Synonym	11월달
11월달	Synonym	11월
12월	Synonym	12월달
12월달	Synonym	12월
1월	Synonym	1월달
1월달	Synonym	1월
2월	Synonym	2월달
2월달	Synonym	2월
3월	Synonym	3월달
3월달	Synonym	3월
4월	Synonym	4월달
4월달	Synonym	4월
5월	Synonym	5월달
5월달	Synonym	5월
6월	Synonym	6월달
6월달	Synonym	6월
7월	Synonym	7월달
7월달	Synonym	7월
8월	Synonym	8월달
8월달	Synonym	8월
9월	Synonym	9월달
9월달	Synonym	9월
가	Synonym	가다
가게	Synonym	백화점
가게	Synonym	상점
가구	Synonym	가계
가구	Synonym	호구
가난	Synonym	빈곤
가늘다	Synonym	얇다
가닛	Synonym	석류석
가닛	Synonym	자류석
가락지빵	Synonym	도넛
가루	Synonym	분말
가수	Synonym	싱어
가수	Synonym	더하는수
가숭어	Synonym	숭어
가애	Synonym	귀여운
가애	Synonym	귀요미
가장	Synonym	제일
가지고	Synonym	서
가지다	Synonym	갖다
간	Synonym	간장
간쑤	Synonym	감숙
감	Synonym	느낌
감	Synonym	옷감
감사합니다	Synonym	고맙습니다
감사합니다	Synonym	땡큐
감숙	Synonym	간쑤
값	Synonym	가격
값	Synonym	금액
값	Synonym	수치
값	Synonym	치
강	Synonym	개울
강	Synonym	내
강	Synonym	도랑
강	Synonym	새내
강	Synonym	시내
강서	Synonym	장시
강소	Synonym	장쑤
개새끼	Synonym	개자식
개월	Synonym	달
객	Synonym	고객
객	Synonym	손
객	Synonym	손님
갭	Synonym	간격
갭	Synonym	차이
갭	Synonym	틈
거	Synonym	것
거	Synonym	물건
거	Synonym	일
거미	Synonym	지주
것	Synonym	거
것	Synonym	물건
것	Synonym	일
게	Synonym	것이
게르마늄	Synonym	저마늄
견문발검	Synonym	노승발검
견치	Synonym	송곳니
계란	Synonym	달걀
계획	Synonym	프로젝트
고객	Synonym	손님
고맙다	Synonym	감사하다
고양이	Synonym	야옹이
고추	Synonym	남근
고추	Synonym	음경
고추	Synonym	자지
고프다	Synonym	고
곰쥐	Synonym	애급쥐
곰쥐	Synonym	지붕쥐
곱	Synonym	배
곳	Synonym	장소
공병	Synonym	병장
공부하다	Synonym	배우다
공화국	Synonym	민국
과	Synonym	이랑
과	Synonym	하고
광검	Synonym	라이트세이버
광동	Synonym	광둥
광둥	Synonym	광동
광서	Synonym	광시
광시	Synonym	광서
구	Synonym	아홉
구나	Synonym	군요
구나	Synonym	는구나
구나	Synonym	는군요
구라파	Synonym	유럽
구리	Synonym	동
구십	Synonym	아흔
구약성경	Synonym	타나크
구월	Synonym	구월달
구월달	Synonym	구월
구이저우	Synonym	귀주
구정	Synonym	설
구정	Synonym	설날
구정	Synonym	음력설
국가	Synonym	나라
군	Synonym	군대
군함조	Synonym	군함새
굳	Synonym	구덩이
권투	Synonym	복싱
귀	Synonym	바늘귀
귀걸이	Synonym	귀고리
귀요미	Synonym	가애
귀요미	Synonym	귀여운
귀주	Synonym	구이저우
규소	Synonym	실리콘
그거	Synonym	그것
그것	Synonym	그거
그레이	Synonym	회색
그루지야	Synonym	조지아
글자	Synonym	글씨
글자	Synonym	단어
글자	Synonym	말
글자	Synonym	문자
금	Synonym	금요일
금요일	Synonym	금요일날
금요일날	Synonym	금요일
금일	Synonym	오늘
금주	Synonym	이번_주
급	Synonym	계급
급	Synonym	등급
기	Synonym	깃발
기가	Synonym	기가바이트
기름	Synonym	가솔린
기름	Synonym	휘발유
길	Synonym	기를
길	Synonym	기를요
길	Synonym	길요
길림	Synonym	지린
김	Synonym	증기
깃발	Synonym	기
까치	Synonym	희작
꺽저기	Synonym	남꺽지
꺽정이	Synonym	거슬횟대어
께	Synonym	에게
께	Synonym	한테
께서	Synonym	가
께서	Synonym	이
나	Synonym	저
나라	Synonym	국가
나라	Synonym	세계
나라	Synonym	세상
나무	Synonym	땔나무
나무	Synonym	목재
나이까	Synonym	ᄇ니까
나이까	Synonym	습니까
나이다	Synonym	ᄇ니다
나이다	Synonym	습니다
나이오븀	Synonym	니오브
나트륨	Synonym	소듐
난	Synonym	반란
남	Synonym	남녘
남	Synonym	남방
남	Synonym	남쪽
남	Synonym	남향
남극	Synonym	s극
남동쪽	Synonym	남동
남동쪽	Synonym	동남
남배우	Synonym	남우
남배우	Synonym	남자_배우
남서	Synonym	남서쪽
남서	Synonym	서남
남서쪽	Synonym	남서
남서쪽	Synonym	서남
남아공	Synonym	남아프리카_공화국
남아메리카	Synonym	남미
남아프리카_공화국	Synonym	남아공
남조선	Synonym	남한
남쪽	Synonym	남
남쪽	Synonym	남녘
남쪽	Synonym	남방
남쪽	Synonym	남향
남한	Synonym	남조선
낱말	Synonym	단어
내	Synonym	나
내	Synonym	시내
내몽고	Synonym	내몽골
내몽고	Synonym	네이멍구
내몽골	Synonym	내몽고
내몽골	Synonym	네이멍구
내일	Synonym	낼
내일	Synonym	명일
낼	Synonym	내일
낼	Synonym	명일
너	Synonym	그대
너	Synonym	당신
너	Synonym	자네
너희	Synonym	너희들
너희	Synonym	당신들
너희	Synonym	자네들
네	Synonym	예
네	Synonym	너
네	Synonym	넉
네	Synonym	넷
네다섯	Synonym	너덧
네다섯	Synonym	네댓
네다섯째	Synonym	네다섯
네덜란드	Synonym	화란
네덜란드인	Synonym	네덜란드_사람
네모	Synonym	네모꼴
네모꼴	Synonym	네모
네이멍구	Synonym	내몽고
네이멍구	Synonym	내몽골
넷	Synonym	사
넷	Synonym	네
넷	Synonym	사
넷째	Synonym	네
넷째	Synonym	사
녕하	Synonym	닝샤
녕하	Synonym	영하
노란색	Synonym	노랑
노랑	Synonym	노란색
녹색	Synonym	초록
녹색	Synonym	초록색
논병아리	Synonym	되강오리
논병아리	Synonym	벽체
논병아리	Synonym	수라
논병아리	Synonym	수찰
논병아리	Synonym	영정
논병아리	Synonym	유압
누나	Synonym	친누나
뉴욕	Synonym	뉴욕_주
뉴펀들랜드_섬	Synonym	뉴펀들랜드
늑대인간	Synonym	이리인간
니오브	Synonym	나이오븀
님	Synonym	귀하
닝샤	Synonym	녕하
닝샤	Synonym	영하
다리미	Synonym	아이론
다섯	Synonym	오
다섯째	Synonym	다섯
다섯째	Synonym	오
다음	Synonym	곁
다음	Synonym	녘
다음	Synonym	뒤
다음	Synonym	옆
다음	Synonym	이듬
다음_주	Synonym	차주
단어	Synonym	낱말
달	Synonym	개월
달	Synonym	월
달걀	Synonym	계란
달러	Synonym	불
당근	Synonym	홍당무
당신	Synonym	귀하
당신	Synonym	너
당신	Synonym	자기
당신	Synonym	자신
닿소리	Synonym	자음
대	Synonym	비용
대	Synonym	대나무
대만	Synonym	타이완
대여섯째	Synonym	대여섯
대한민국	Synonym	남조선
대한민국	Synonym	남한
대한민국	Synonym	우리나라
대한민국	Synonym	한국
댓째	Synonym	댓
데옥시리보_핵산	Synonym	디엔에이
데옥시리보_핵산	Synonym	디옥시리보_핵산
도둑	Synonym	도적
도이칠란트	Synonym	도이췰란드
도이칠란트	Synonym	독일
도이칠란트	Synonym	독일_연방_공화국
도이칠란트	Synonym	독일연방공화국
도쿄	Synonym	동경
독어	Synonym	독일말
독어	Synonym	독일어
독일	Synonym	도이칠란트
독일	Synonym	독일_연방_공화국
독일	Synonym	독일연방공화국
독일_사람	Synonym	독일인
독일_연방_공화국	Synonym	도이칠란트
독일_연방_공화국	Synonym	독일
독일말	Synonym	독어
독일말	Synonym	독일어
독일어	Synonym	독어
독일어	Synonym	독일말
독일연방공화국	Synonym	도이칠란트
독일연방공화국	Synonym	독일
독일인	Synonym	독일
독일인	Synonym	독일_사람
독일인	Synonym	독일사람
독일인	Synonym	사람
돈	Synonym	촌
동	Synonym	동방
동	Synonym	동쪽
동	Synonym	구리
동경	Synonym	도쿄
동생	Synonym	친동생
동성애자	Synonym	동성애
동쪽	Synonym	동
동쪽	Synonym	동방
동해	Synonym	조선동해
돼지고기	Synonym	제육
되다	Synonym	괜찮다
두	Synonym	둘
두	Synonym	이
두서너	Synonym	두서넛
두서너째	Synonym	두서너
두서넛	Synonym	두서너
두세	Synonym	두셋
두셋	Synonym	두세
두어	Synonym	두엇
두어째	Synonym	두어
두엇	Synonym	두어
두유	Synonym	콩기름
둘	Synonym	이
둘	Synonym	두
둘	Synonym	이
둘째	Synonym	두
둘째	Synonym	이
뒤쥐	Synonym	첨서
드시다	Synonym	마시다
드시다	Synonym	먹다
드시다	Synonym	잡수시다
디엔에이	Synonym	데옥시리보_핵산
디엔에이	Synonym	디옥시리보_핵산
디옥시리보_핵산	Synonym	데옥시리보_핵산
디옥시리보_핵산	Synonym	디엔에이
따님	Synonym	딸
땅	Synonym	뭍
땡큐	Synonym	감사합니다
땡큐	Synonym	감사해요
땡큐	Synonym	고마워요
땡큐	Synonym	고맙습니다
똥	Synonym	대변
똥구멍	Synonym	항문
라이트세이버	Synonym	광검
라인	Synonym	라인_강
라인	Synonym	선
란탄	Synonym	란타늄
랑	Synonym	와
랑	Synonym	하고
랴오닝	Synonym	요녕
러시아_사람	Synonym	러시아인
러시아인	Synonym	러시아_사람
루마니아_사람	Synonym	루마니아인
루마니아인	Synonym	루마니아_사람
리원	Synonym	이원
마	Synonym	말아
마그마	Synonym	용암
마라	Synonym	말아라
마르크스	Synonym	맑스
마시다	Synonym	드시다
마요	Synonym	말아요
마침표	Synonym	종지부
마흔	Synonym	사십
만	Synonym	뿐
만월	Synonym	보름달
말	Synonym	마
말아라	Synonym	마라
말아요	Synonym	마요
말하다	Synonym	말씀드리다
말하다	Synonym	말씀하시다
맑스	Synonym	마르크스
망가니즈	Synonym	망간
매	Synonym	송골매
매일	Synonym	맨날
맨날	Synonym	매일
맬웨어	Synonym	악성_소프트웨어
맬웨어	Synonym	유해한_소프트웨어
맹인인도견	Synonym	맹도견
맹인인도견	Synonym	안내견
머리카락	Synonym	두발
머리카락	Synonym	머리칼
머리칼	Synonym	머리카락
먹다	Synonym	드시다
먹다	Synonym	잡수시다
먹황새	Synonym	흑관
메가	Synonym	메가바이트
멜로스	Synonym	밀로스_섬
멧돼지	Synonym	산돼지
명	Synonym	분
명	Synonym	사람
명	Synonym	이름
명사	Synonym	이름씨
명일	Synonym	내일
몇_월	Synonym	몇_월달
몇_월달	Synonym	몇_월
모	Synonym	귀퉁이
모반	Synonym	점
모음	Synonym	홀소리
목	Synonym	목구멍
목	Synonym	목요일
목소리	Synonym	음성
목요일	Synonym	목요일날
목요일날	Synonym	목요일
몰리브데넘	Synonym	몰리브덴
몰리브덴	Synonym	몰리브데넘
몽고	Synonym	몽골
몽고어	Synonym	몽골어
몽고인	Synonym	몽골_사람
몽고인	Synonym	몽골인
몽골	Synonym	몽고
몽골_사람	Synonym	몽고인
몽골_사람	Synonym	몽골인
몽골어	Synonym	몽고어
몽골인	Synonym	몽고인
몽골인	Synonym	몽골_사람
무	Synonym	무우
무어	Synonym	뭐
무어	Synonym	무엇
무어	Synonym	뭐
무엇	Synonym	무어
무엇	Synonym	뭐
무함마드	Synonym	마호메트
문자	Synonym	글자
문자	Synonym	문자_메시지
뭐	Synonym	무어
뭐	Synonym	무어
뭐	Synonym	무엇
미국_사람	Synonym	미국인
미국인	Synonym	미국_사람
미터_매_초	Synonym	초속
밀로스_섬	Synonym	멜로스
밀리	Synonym	밀리미터
박	Synonym	바가지
반각글자	Synonym	반각문자
반각문자	Synonym	반각글자
반말	Synonym	해체
배	Synonym	곱
배알	Synonym	창자
배우다	Synonym	익히다
백	Synonym	가방
백	Synonym	봉투
백러시아	Synonym	벨라루스
백합	Synonym	나리
버찌	Synonym	체리
벌써	Synonym	이미
범	Synonym	호랑이
범	Synonym	호랑이
범	Synonym	범이신론
범	Synonym	범재신론
법원	Synonym	재판소
베이징	Synonym	북경
베트남	Synonym	월남
벨라루스	Synonym	백러시아
별똥	Synonym	별똥별
별똥	Synonym	유성
별똥별	Synonym	별똥
별똥별	Synonym	유성
병신	Synonym	또라이
병신	Synonym	바보
병신	Synonym	장애인
보기	Synonym	예
보다	Synonym	더
보름달	Synonym	만월
보리고래	Synonym	멸치고래
보리고래	Synonym	정어리고래
보지	Synonym	그곳
보지	Synonym	씹
보지	Synonym	여성_성기
보지	Synonym	유지
보지	Synonym	알림
보지하다	Synonym	유지하다
복건	Synonym	푸젠
부인	Synonym	아내
부인	Synonym	와이프
부인	Synonym	집사람
북	Synonym	북방
북	Synonym	북쪽
북경	Synonym	베이징
북극	Synonym	n극
북극곰	Synonym	흰곰
북동쪽	Synonym	북동
북방토끼	Synonym	만주토끼
북서쪽	Synonym	북서
북아메리카	Synonym	북미
북조선	Synonym	북한
북쪽	Synonym	북
북쪽	Synonym	북방
북한	Synonym	북조선
분	Synonym	명
분	Synonym	사람
분	Synonym	사람
분	Synonym	이
분	Synonym	자
분기	Synonym	사분기
분의	Synonym	분지
분홍	Synonym	분홍색
분홍	Synonym	핑크색
불	Synonym	불란서
불	Synonym	프랑스
불	Synonym	달러
불란서	Synonym	프랑스
불소	Synonym	플루오르
불소	Synonym	플루오린
불어	Synonym	프랑스어
불입호혈_부득호자	Synonym	범굴에_들어가야_범을_잡는다
브래지어	Synonym	브라
브로민	Synonym	브롬
브롬	Synonym	브로민
블랙레터	Synonym	흑자체
비잔티온	Synonym	비잔티움
비잔티움	Synonym	비잔티온
비잔티움_제국	Synonym	동로마_제국
빠르다	Synonym	이르다
빠이빠이	Synonym	안녕
빠이빠이	Synonym	안녕히_가세요
빠이빠이	Synonym	안녕히_계세요
빨간색	Synonym	빨강
빨강	Synonym	빨간색
뽑다	Synonym	선출하다
뽑다	Synonym	추출하다
뽕	Synonym	뽕나무
사	Synonym	네
사	Synonym	넷
사	Synonym	사망
사	Synonym	죽음
사	Synonym	회사
사람	Synonym	명
사람	Synonym	분
사람	Synonym	인
사람	Synonym	인간
사람	Synonym	인간
사랑해	Synonym	사랑해요
사십	Synonym	마흔
사용자	Synonym	유저
사월	Synonym	사월달
사월달	Synonym	사월
사천	Synonym	쓰촨
사탕	Synonym	설탕
사탕	Synonym	캔디
산달	Synonym	검은담비
산달	Synonym	너구리
산달	Synonym	담비
산동	Synonym	산둥
산돼지	Synonym	멧돼지
산둥	Synonym	산동
산서	Synonym	산시
산시	Synonym	산서
산시	Synonym	섬서
살다	Synonym	살아가다
살다	Synonym	생활하다
삼	Synonym	세
삼	Synonym	셋
삼	Synonym	세
삼	Synonym	셋
삼십	Synonym	서른
삼월	Synonym	삼월달
삼월달	Synonym	삼월
상괭이	Synonym	쇠물돼지
상하이	Synonym	상해
새옹지마	Synonym	전화위복
색	Synonym	빛깔
색	Synonym	색깔
색	Synonym	색채
색깔	Synonym	빛깔
색깔	Synonym	색
색깔	Synonym	색채
생	Synonym	삶
생일	Synonym	생신
생일_축하합니다	Synonym	생일_축하해요
서	Synonym	가지고
서	Synonym	서방
서	Synonym	서쪽
서너	Synonym	서넛
서너	Synonym	세넷
서너째	Synonym	서너
서넛	Synonym	서너
서넛	Synonym	세넷
서른	Synonym	삼십
서울	Synonym	수도
서장	Synonym	시짱
서장	Synonym	티베트
서쪽	Synonym	서
서쪽	Synonym	서방
서해	Synonym	황해
석류석	Synonym	가닛
석류석	Synonym	자류석
설	Synonym	구정
설	Synonym	설날
설	Synonym	음력설
설날	Synonym	구정
설날	Synonym	설
설날	Synonym	음력설
섬서	Synonym	산시
성교	Synonym	섹스
성인	Synonym	어른
성탄절	Synonym	크리스마스
성함	Synonym	이름
세	Synonym	살
세	Synonym	삼
세	Synonym	셋
세넷	Synonym	서너
세넷	Synonym	서넛
세모	Synonym	세모꼴
세모꼴	Synonym	삼각형
세모꼴	Synonym	세모
세미콜론	Synonym	쌍반점
세수	Synonym	세면
세수하다	Synonym	세면하다
세요	Synonym	십시오
세월부대인	Synonym	세월은_사람을_기다려_주지_않는다
세월은_사람을_기다려_주지_않는다	Synonym	세월부대인
세제곱	Synonym	승
섹스	Synonym	성교
센티	Synonym	센치
센티	Synonym	센티미터
셀레늄	Synonym	셀렌
셀렌	Synonym	셀레늄
셋	Synonym	삼
셋	Synonym	삼
셋	Synonym	세
셋째	Synonym	삼
셋째	Synonym	세
소고기	Synonym	쇠고기
소련	Synonym	소비에트_사회주의_공화국_연방
소련	Synonym	소비에트_연방
소련	Synonym	쏘련
소변	Synonym	오줌
소비에트_사회주의_공화국_연방	Synonym	소련
소비에트_사회주의_공화국_연방	Synonym	소비에트_연방
소비에트_사회주의_공화국_연방	Synonym	쏘련
소비에트_연방	Synonym	소련
소비에트_연방	Synonym	소비에트_사회주의_공화국_연방
소비에트_연방	Synonym	쏘련
소아시아	Synonym	아나톨리아
소파	Synonym	쇼파
손	Synonym	객
손	Synonym	고객
손님	Synonym	고객
송골매	Synonym	매
송어	Synonym	산천어
송어	Synonym	쪼고리
수	Synonym	운수
수	Synonym	수요일
수소폭탄	Synonym	수폭
수요일	Synonym	수요일날
수요일날	Synonym	수요일
숟가락	Synonym	스푼
술	Synonym	약주
숫처녀	Synonym	처녀
숭어	Synonym	은숭어
쉰	Synonym	오십
스무	Synonym	스물
스무	Synonym	이십
스무째	Synonym	스무
스무째	Synonym	이십
스물	Synonym	스무
스물	Synonym	이십
스스로	Synonym	자기
스스로	Synonym	자신
스캐빈저	Synonym	청소_동물
스페인	Synonym	서반아
스페인	Synonym	에스파냐
시내	Synonym	내
시월	Synonym	시월달
시월달	Synonym	시월
시짱	Synonym	서장
시짱	Synonym	티베트
신강	Synonym	신장
신랑	Synonym	남편
신장	Synonym	신강
신정	Synonym	양력설
실고기	Synonym	나무공치
실수	Synonym	실패
실수	Synonym	에러
십	Synonym	열
십이월	Synonym	십이월달
십이월달	Synonym	십이월
십일월	Synonym	십일월달
십일월달	Synonym	십일월
싱어	Synonym	가수
싸다	Synonym	저렴하다
쌤	Synonym	선생
쏘련	Synonym	소련
쏘련	Synonym	소비에트_사회주의_공화국_연방
쏘련	Synonym	소비에트_연방
쓰다	Synonym	적다
쓰촨	Synonym	사천
씹	Synonym	그곳
씹	Synonym	보지
씹	Synonym	여성_성기
아기	Synonym	아이
아기	Synonym	어린아이
아기	Synonym	영아
아기	Synonym	젖먹이
아내	Synonym	마누라
아내	Synonym	부인
아내	Synonym	와이프
아내	Synonym	집사람
아뇨	Synonym	아니
아뇨	Synonym	아니야
아뇨	Synonym	아니요
아는_것이_탈	Synonym	모르는_것이_약
아는_것이_탈	Synonym	모르면_약이요_아는_게_병
아는_것이_탈	Synonym	무지각_상팔자
아는_것이_탈	Synonym	식자우환
아는_것이_탈	Synonym	아는_것이_병
아니	Synonym	아뇨
아니	Synonym	아니야
아니	Synonym	아니요
아니	Synonym	안
아니오	Synonym	아니요
아니요	Synonym	아뇨
아니요	Synonym	아니
아니요	Synonym	아니야
아니요	Synonym	아니오
아드님	Synonym	아들
아르바이트	Synonym	알바
아름답다	Synonym	예쁘다
아마	Synonym	아마도
아버님	Synonym	아버지
아버님	Synonym	아빠
아버지	Synonym	아빠
아비	Synonym	무간지옥
아세아	Synonym	아시아
아세아	Synonym	아주
아시아	Synonym	아세아
아시아	Synonym	아주
아시아인	Synonym	아시아_사람
아이	Synonym	애
아이스	Synonym	아이스크림
아이슬란드	Synonym	아이슬란드_공화국
아이오딘	Synonym	옥도
아이오딘	Synonym	요오드
아주	Synonym	아세아
아주	Synonym	아시아
아주	Synonym	되게
아주	Synonym	무척
아지	Synonym	새끼
아침식사	Synonym	아침
아킬레스	Synonym	아킬레우스
아홉	Synonym	구
아홉	Synonym	구
아홉째	Synonym	구
아홉째	Synonym	아홉
아흔	Synonym	구십
안내견	Synonym	맹도견
안내견	Synonym	맹인인도견
안녕	Synonym	안녕하세요
안녕	Synonym	안녕하십니까
안녕하세요	Synonym	안녕
안녕하세요	Synonym	안녕하십니까
안녕하십니까	Synonym	안녕
안녕하십니까	Synonym	안녕하세요
안녕히_가세요	Synonym	안녕
안녕히_가세요	Synonym	안녕히_가십시오
안녕히_계세요	Synonym	안녕
안녕히_계세요	Synonym	안녕히_계십시오
안후이	Synonym	안휘
안휘	Synonym	안후이
알루미늄	Synonym	반소
애	Synonym	아이
애	Synonym	아이
애	Synonym	아이
야옹이	Synonym	고양이
양	Synonym	량
양	Synonym	분량
양	Synonym	수량
양모	Synonym	양털
양성자	Synonym	양자
양자	Synonym	양성자
어	Synonym	말
어른	Synonym	성인
어머니	Synonym	모친
어머니	Synonym	어멈
어머니	Synonym	어미
어머니	Synonym	엄마
어머님	Synonym	어머니
어머님	Synonym	엄마
어제	Synonym	어저께
언니	Synonym	친언니
언어	Synonym	글
언어	Synonym	말
없었다	Synonym	없었습니다
없었다	Synonym	없었어
없었다	Synonym	없었어요
에	Synonym	어이
에게	Synonym	께
에게	Synonym	한테
에게서	Synonym	한테서
에스파냐	Synonym	스페인
에우로파	Synonym	에우로페
엔	Synonym	에
엘리베이터	Synonym	승강기
여덟	Synonym	팔
여덟	Synonym	팔
여덟째	Synonym	여덟
여덟째	Synonym	팔
여든	Synonym	팔십
여배우	Synonym	여우
여배우	Synonym	여자_배우
여섯	Synonym	육
여섯	Synonym	육
여섯째	Synonym	여섯
여섯째	Synonym	육
여성_성기	Synonym	그곳
여성_성기	Synonym	보지
여성_성기	Synonym	씹
여우	Synonym	여배우
역할	Synonym	구실
연세	Synonym	나이
엳아홉째	Synonym	엳아홉
열	Synonym	십
열	Synonym	십
열	Synonym	줄
열네	Synonym	십사
열네	Synonym	열넷
열넷	Synonym	십사
열넷	Synonym	열네
열넷째	Synonym	십사
열넷째	Synonym	열네
열다섯	Synonym	십오
열다섯째	Synonym	십오
열다섯째	Synonym	열다섯
열두	Synonym	십이
열두	Synonym	열둘
열두째	Synonym	십이
열두째	Synonym	열두
열둘	Synonym	십이
열둘	Synonym	열두
열세	Synonym	십삼
열세	Synonym	열셋
열셋	Synonym	십삼
열셋	Synonym	열세
열셋째	Synonym	십삼
열셋째	Synonym	열세
열아홉	Synonym	십구
열아홉째	Synonym	십구
열아홉째	Synonym	열아홉
열여덟	Synonym	십팔
열여덟째	Synonym	십팔
열여덟째	Synonym	열여덟
열여섯	Synonym	십육
열여섯째	Synonym	십육
열여섯째	Synonym	열여섯
열일곱	Synonym	십칠
열일곱째	Synonym	십칠
열일곱째	Synonym	열일곱
열째	Synonym	십
열째	Synonym	열
열하나	Synonym	십일
열하나	Synonym	열한
열한	Synonym	십일
열한	Synonym	열하나
열한째	Synonym	십일
열한째	Synonym	열한
영	Synonym	공
영국_사람	Synonym	영국인
영국인	Synonym	영국_사람
영하	Synonym	녕하
영하	Synonym	닝샤
예	Synonym	네
예	Synonym	보기
예닐곱째	Synonym	예닐곱
예쁘다	Synonym	아름답다
예순	Synonym	육십
오	Synonym	다섯
오	Synonym	다섯
오늘	Synonym	금일
오렌지	Synonym	주황
오렌지	Synonym	주황색
오른	Synonym	바른
오른쪽	Synonym	우측
오빠	Synonym	친오빠
오스트레일리아	Synonym	호주
오십	Synonym	쉰
오월	Synonym	오월달
오월달	Synonym	오월
오지리	Synonym	오스트리아
옮기다	Synonym	번역하다
옮기다	Synonym	이동하다
옳다	Synonym	맞다
옳다	Synonym	바르다
옳다	Synonym	올바르다
와	Synonym	과
와	Synonym	랑
와	Synonym	하고
와이프	Synonym	마누라
와이프	Synonym	부인
와이프	Synonym	아내
와이프	Synonym	집사람
왕조	Synonym	조
외국인	Synonym	외국
왼쪽	Synonym	좌측
요녕	Synonym	랴오닝
요오드	Synonym	아이오딘
요오드	Synonym	옥도
용암	Synonym	마그마
우레	Synonym	천둥
우리	Synonym	저희
우리나라_사람	Synonym	조선_사람
우리나라_사람	Synonym	조선인
우리나라_사람	Synonym	한국_사람
우리나라_사람	Synonym	한국인
우리말	Synonym	조선말
우리말	Synonym	조선어
우리말	Synonym	한국말
우리말	Synonym	한국어
우산	Synonym	가사
우유	Synonym	소젖
운남	Synonym	윈난
원	Synonym	원나라
원	Synonym	동그라미
원자폭탄	Synonym	원폭
원폭	Synonym	원자폭탄
월	Synonym	달
월	Synonym	월요일
월	Synonym	달
월요일	Synonym	월요일날
월요일날	Synonym	월요일
웹_페이지	Synonym	웨브페지
위안부	Synonym	정신대
윈난	Synonym	운남
유대인	Synonym	유태인
유럽	Synonym	구라파
유럽인	Synonym	유럽_사람
유엔	Synonym	국제_연합
유월	Synonym	유월달
유월달	Synonym	유월
유유상종	Synonym	짝짜꿍이
유태인	Synonym	유대인
육	Synonym	여섯
육십	Synonym	예순
음	Synonym	소리
음	Synonym	자음
음성모음	Synonym	음모음
이	Synonym	둘
이	Synonym	히
이	Synonym	이빨
이	Synonym	치아
이	Synonym	두
이	Synonym	둘
이	Synonym	자
이거	Synonym	이것
이것	Synonym	이거
이랑	Synonym	과
이랑	Synonym	하고
이름	Synonym	명칭
이리인간	Synonym	늑대인간
이미	Synonym	벌써
이번	Synonym	요번
이번_달	Synonym	이달
이번_주	Synonym	금주
이성애자	Synonym	이성애
이십	Synonym	스물
이십	Synonym	스물
이야기	Synonym	얘기
이야기하다	Synonym	얘기하다
이원	Synonym	리원
이월	Synonym	이월달
이월달	Synonym	이월
이자	Synonym	췌장
이집트인	Synonym	이집트_사람
이탈리아	Synonym	이태리
이태리	Synonym	이탈리아
인	Synonym	명
인	Synonym	분
인	Synonym	사람
인	Synonym	도장
인	Synonym	인장
인간	Synonym	사람
인도	Synonym	인디아
인도_사람	Synonym	인도인
인도인	Synonym	인도_사람
일	Synonym	일날
일	Synonym	적
일	Synonym	하나
일	Synonym	한
일	Synonym	일요일
일고여덟	Synonym	일여덟
일고여덟	Synonym	일여덟
일고여덟째	Synonym	일고여덟
일고여덟째	Synonym	일여덟째
일곱	Synonym	칠
일곱	Synonym	칠
일곱째	Synonym	일곱
일곱째	Synonym	칠
일본_사람	Synonym	일본인
일본어	Synonym	일본말
일본어	Synonym	일어
일본인	Synonym	일본_사람
일어	Synonym	일본말
일어	Synonym	일본어
일여덟	Synonym	일고여덟
일여덟	Synonym	일고여덟
일여덟째	Synonym	일고여덟째
일여덟째	Synonym	일여덟
일요일	Synonym	일요일날
일요일날	Synonym	일요일
일월	Synonym	일월달
일월달	Synonym	일월
일흔	Synonym	칠십
읽다	Synonym	독서하다
있다	Synonym	계시다
있다	Synonym	있으시다
자	Synonym	척
자	Synonym	분
자	Synonym	사람
자	Synonym	이
자기	Synonym	당신
자기	Synonym	스스로
자기	Synonym	자신
자다	Synonym	주무시다
자동차	Synonym	차
자류석	Synonym	가닛
자류석	Synonym	석류석
자모	Synonym	모자
자몽	Synonym	그레이프프루트
자음	Synonym	닿소리
자음	Synonym	음
자장가	Synonym	자장노래
자주	Synonym	빈번히
자주	Synonym	흔히
자지	Synonym	고추
자지	Synonym	남근
자지	Synonym	음경
자지	Synonym	좆
자지	Synonym	지치
작	Synonym	작품
작년	Synonym	지난해
잠	Synonym	수면
잡수시다	Synonym	드시다
잡수시다	Synonym	먹다
장시	Synonym	강서
장쑤	Synonym	강소
재미있다	Synonym	재밌다
재밌다	Synonym	재미있다
재판소	Synonym	법원
잼	Synonym	쨈
저	Synonym	나
저	Synonym	나
저	Synonym	젓가락
저거	Synonym	저것
저것	Synonym	저거
저마늄	Synonym	게르마늄
저장	Synonym	절강
저희	Synonym	우리
저희	Synonym	저희들
적	Synonym	때
적	Synonym	일
전각글자	Synonym	전각문자
전각문자	Synonym	전각글자
절강	Synonym	저장
점	Synonym	점복
접두사	Synonym	접두어
접두어	Synonym	접두사
접미사	Synonym	접미어
접미어	Synonym	접미사
정류장	Synonym	정류소
정리	Synonym	정돈
젖먹이	Synonym	유아
젖산	Synonym	락트산
제곱	Synonym	승
제논	Synonym	크세논
조	Synonym	왕조
조금	Synonym	좀
조선	Synonym	우리나라
조선	Synonym	한국
조선동해	Synonym	동해
조선말	Synonym	우리말
조선말	Synonym	조선어
조선말	Synonym	한국말
조선말	Synonym	한국어
조선민족	Synonym	한민족
조선어	Synonym	우리말
조선어	Synonym	조선말
조선어	Synonym	한국말
조선어	Synonym	한국어
조지아	Synonym	조지아_주
조지아	Synonym	그루지야
좀	Synonym	조금
종지부	Synonym	마침표
주무시다	Synonym	자다
주세요	Synonym	주십시오
주세요	Synonym	줘
주세요	Synonym	줘요
줄기	Synonym	가지
중경	Synonym	충칭
중국	Synonym	중화민국
중국	Synonym	중화인민공화국
중국_사람	Synonym	중국인
중국인	Synonym	중국_사람
중앙아메리카	Synonym	중미
지금	Synonym	현재
지름길	Synonym	빠르다
지름길	Synonym	왕도
지린	Synonym	길림
질녀	Synonym	조카딸
짜다	Synonym	엮다
짝수	Synonym	우수
짧은부리참돌고래	Synonym	돌고래
째	Synonym	번째
째	Synonym	제
쨈	Synonym	잼
차	Synonym	자동차
차	Synonym	차이
차이	Synonym	마살라_차이
차주	Synonym	다음_주
찬스	Synonym	호기
참	Synonym	진실
참	Synonym	진짜
참고래	Synonym	큰고래
처녀	Synonym	숫처녀
천둥	Synonym	우레
천만에요	Synonym	아니에요
천만에요	Synonym	천만에
천진	Synonym	톈진
첨서	Synonym	뒤쥐
첫소리	Synonym	초성
첫째	Synonym	일
첫째	Synonym	첫
청설모	Synonym	청서
청해	Synonym	칭하이
체리	Synonym	버찌
초록	Synonym	녹색
초록	Synonym	초록색
초록색	Synonym	녹색
초록색	Synonym	초록
초성	Synonym	첫소리
초코	Synonym	초콜렛
초코	Synonym	초콜릿
초콜렛	Synonym	초코
초콜릿	Synonym	초코
충칭	Synonym	중경
치과의사	Synonym	치과의
친구	Synonym	친우
칠	Synonym	일곱
칠	Synonym	일곱
칠	Synonym	옻칠
칠십	Synonym	일흔
칠월	Synonym	칠월달
칠월달	Synonym	칠월
칭하이	Synonym	청해
카나다	Synonym	캐나다
칼륨	Synonym	카리
칼륨	Synonym	포타슘
캔	Synonym	깡통
컨셉	Synonym	개념
컨셉	Synonym	콘셉트
케이크	Synonym	케익
크로뮴	Synonym	크롬
크롬	Synonym	크로뮴
크리스마스	Synonym	성탄절
큰고니	Synonym	큰백조
킬로	Synonym	시속
킬로	Synonym	킬로그램
킬로	Synonym	킬로미터
킬로	Synonym	킬로바이트
킬로그램	Synonym	킬로
킬로미터	Synonym	킬로
킬로미터_매_시간	Synonym	시속
타	Synonym	기타
타	Synonym	타인
타이	Synonym	태국
타이완	Synonym	대만
타이타늄	Synonym	티탄
태국	Synonym	타이
테라	Synonym	테라바이트
톈진	Synonym	천진
토	Synonym	토요일
토요일	Synonym	토요일날
토요일날	Synonym	토요일
티베트	Synonym	서장
티베트	Synonym	시짱
티셔츠	Synonym	티
티탄	Synonym	타이타늄
틴에이저	Synonym	십대
파란색	Synonym	파랑
파랑	Synonym	파란색
판다	Synonym	대왕판다
판다	Synonym	팬더
팔	Synonym	여덟
팔십	Synonym	여든
팔월	Synonym	팔월달
팔월달	Synonym	팔월
팔찌	Synonym	팔가락지
팥빙수	Synonym	빙수
팬더	Synonym	표범
퍼센트	Synonym	프로
푸젠	Synonym	복건
품다	Synonym	포옹하다
품사	Synonym	씨
프랑스	Synonym	불
프랑스	Synonym	불란서
프랑스_사람	Synonym	프랑스인
프랑스어	Synonym	불어
프랑스인	Synonym	프랑스_사람
프로젝트	Synonym	계획
플랑드르	Synonym	플랜더스
플랜더스	Synonym	플랑드르
플루오르	Synonym	불소
플루오르	Synonym	플루오린
플루오린	Synonym	불소
플루오린	Synonym	플루오르
하나	Synonym	일
하나	Synonym	일
하나	Synonym	한
하나둘	Synonym	한두
하나둘	Synonym	한둘
하남	Synonym	허난
하다	Synonym	삼다
하루살이	Synonym	날파리
하북	Synonym	허베이
하세요	Synonym	하셔요
하셔요	Synonym	하세요
하십시오체	Synonym	합쇼체
하얀색	Synonym	하양
하양	Synonym	하얀색
하이난	Synonym	해남
한	Synonym	대략
한	Synonym	약
한	Synonym	일
한	Synonym	하나
한	Synonym	한나라
한	Synonym	조선
한	Synonym	한국
한국	Synonym	고려
한국	Synonym	남한
한국	Synonym	대한민국
한국	Synonym	북한
한국	Synonym	우리나라
한국	Synonym	조선
한국_사람	Synonym	우리나라_사람
한국_사람	Synonym	한국인
한국말	Synonym	국어
한국말	Synonym	우리말
한국말	Synonym	조선말
한국말	Synonym	조선어
한국말	Synonym	한국어
한국말	Synonym	한글
한국어	Synonym	국어
한국어	Synonym	우리말
한국어	Synonym	조선말
한국어	Synonym	조선어
한국어	Synonym	한국말
한국어	Synonym	한글
한국인	Synonym	우리나라_사람
한국인	Synonym	한국_사람
한글	Synonym	한국말
한글	Synonym	한국어
한두	Synonym	한둘
한두째	Synonym	한두
한둘	Synonym	하나둘
한둘	Synonym	한두
한민족	Synonym	한족
한민족	Synonym	조선민족
한민족	Synonym	한족
한반도	Synonym	조선반도
한족	Synonym	한민족
한족	Synonym	조선민족
한족	Synonym	한민족
한테	Synonym	께
한테	Synonym	에게
한테서	Synonym	에게서
할머니	Synonym	조모
할머니	Synonym	할머님
합쇼체	Synonym	하십시오체
해	Synonym	태양
해남	Synonym	하이난
해양	Synonym	대양
해양	Synonym	바다
해체	Synonym	반말
핸드폰	Synonym	휴대전화
핸드폰	Synonym	휴대폰
허난	Synonym	하남
허베이	Synonym	하북
헤이룽장	Synonym	흑룡강
헬리콥터	Synonym	헬기
현재	Synonym	지금
형	Synonym	친형
호남	Synonym	후난
호랑이	Synonym	범
호북	Synonym	후베이
호주	Synonym	오스트레일리아
혹고니	Synonym	혹백조
홀	Synonym	정공
홀소리	Synonym	모음
홀수	Synonym	기수
홍당무	Synonym	당근
홍당무	Synonym	당근
화	Synonym	화요일
화란	Synonym	네덜란드
화요일	Synonym	화요일날
화요일날	Synonym	화요일
화이팅	Synonym	힘내
화재	Synonym	불
황	Synonym	석유황
황	Synonym	유황
황해	Synonym	서해
회사원	Synonym	사원
후난	Synonym	호남
후베이	Synonym	호북
흑	Synonym	검은색
흑자체	Synonym	블랙레터
희극	Synonym	코미디
희극인	Synonym	희극_배우
흰곰	Synonym	북극곰
